hfhudcode,id,cfname,updateddate,addeddate,reportdate,gown,gloves,head_cover,goggles,coverall,shoe_cover,face_shield,surgmask,n95mask
DOH000000000000227,408,REGIONAL HEALTH SERVICE 2 HOSPITAL,2020-04-17 15:39:21,2020-04-17 15:39:21,2020-04-17,0,700,6,15,11,13,1,500,50
DOH000000000037012,630,"ALLIED CARE EXPERTS (ACE) MEDICAL CENTER-QUEZON CITY, INC.",2020-04-18 10:29:20,2020-04-18 10:29:20,2020-04-18,0,5845,3937,62,40,215,349,4550,249
DOH000000000004358,74,"SUMC FOUNDATION, INC.",2020-04-17 9:34:21,2020-04-17 9:34:21,2020-04-17,0,64600,600,116,128,153,23,4800,0
DOH000000000005789,184,THE MEDICAL CITY PANGASINAN,2020-04-17 11:40:51,2020-04-17 11:40:51,2020-04-17,0,1000,126,5,159,470,120,262,202
DOH000000000000643,606,MALIMONO DISTRICT HOSPITAL,2020-04-18 7:08:04,2020-04-18 7:08:04,2020-04-18,0,200,10,3,0,8,20,100,10
DOH000000000005695,646,SOUTHWESTERN UNIVERSITY MEDICAL CENTER,2020-04-18 12:50:53,2020-04-18 12:50:53,2020-04-18,0,40588,20027,4,0,146,0,192,322
DOH000000000005928,563,PROSPERO G. BELLO INTEGRATED COMMUNITY HOSPITAL,2020-04-17 18:38:15,2020-04-17 18:38:15,2020-04-17,0,56,28,28,28,28,15,100,20
DOH000000000002676,642,MANUEL A. ROXAS DISTRICT HOSPITAL,2020-04-18 12:15:16,2020-04-18 12:15:16,2020-04-18,0,500,500,33,140,83,130,100,50
DOH000000000023755,354,"ALLIED CARE EXPERTS (ACE) MEDICAL CENTER-BAYPOINTE, INC. (fo",2020-04-17 15:03:58,2020-04-17 15:03:58,2020-04-17,0,9146,1700,0,75,159,45,2045,237
DOH000000000003283,235,OSPITAL NG GUIGUINTO,2020-04-17 12:57:02,2020-04-17 12:57:02,2020-04-17,0,3352,1450,48,183,220,334,13847,184
DOH000000000038113,529,"CATANDUANES DOCTORS HOSPITAL, INC.",2020-04-17 17:11:34,2020-04-17 17:11:34,2020-04-17,0,3000,3700,0,0,3300,0,1950,0
DOH000000000025676,242,"GRACE GENERAL HOSPITAL, INC.",2020-04-17 13:08:31,2020-04-17 13:08:31,2020-04-17,0,1038,494,45,7,180,0,924,21
DOH000000000003400,648,ALFONSO PONCE ENRILE MEMORIAL DISTRICT HOSPITAL,2020-04-18 13:01:40,2020-04-18 13:01:40,2020-04-18,2,300,300,5,0,85,50,200,0
DOH000000000000770,199,ST. MARTIN'S MISSION HOSPITAL,2020-04-17 11:58:31,2020-04-17 11:58:31,2020-04-17,4,13,85,19,9,45,23,700,60
DOH000000000007486,195,APARRI PROVINCIAL HOSPITAL,2020-04-17 11:55:01,2020-04-17 11:55:01,2020-04-17,5,200,10,8,27,14,49,4,5
DOH000000000003958,334,TOLENTINO CLINIC AND HOSPITAL,2020-04-17 14:53:20,2020-04-17 14:53:20,2020-04-17,5,800,76,1,12,9,55,150,5
DOH000000000005198,121,PIO DURAN MEMORIAL DISTRICT HOSPITAL,2020-04-17 10:39:30,2020-04-17 10:39:30,2020-04-17,5,200,250,6,17,19,100,0,35
DOH000000000005639,338,QUIRINO PROVINCE MEDICAL CENTER,2020-04-17 14:55:39,2020-04-17 14:55:39,2020-04-17,6,1500,8500,14,204,3200,188,200,150
DOH000000000005708,94,JAIME B. BERCES MEMORIAL HOSPITAL,2020-04-17 9:56:22,2020-04-17 9:56:22,2020-04-17,6,6000,146,1,0,218,15,310,0
DOH000000000000707,182,TUGUEGARAO CITY PEOPLE'S GENERAL HOSPITAL,2020-04-17 11:39:37,2020-04-17 11:39:37,2020-04-17,1030,2717,2438,1124,1136,1100,579,3583,1162
DOH000000000003872,174,AMANG RODRIGUEZ MEMORIAL MEDICAL CENTER,2020-04-17 11:33:21,2020-04-17 11:33:21,2020-04-17,6150,80278,6821,1058,98,850,8331,59262,1999
DOH000000000003671,131,"DR. NILO O. ROA MEMORIAL FOUNDATION HOSPITAL, INC.",2020-04-17 10:57:06,2020-04-17 10:57:06,2020-04-17,8,100,50,2,218,8,20,0,20
DOH000000000004999,118,"UNIVERSITY OF SANTO TOMAS (UST) - LEGAZPI, INC. (formerly AQ",2020-04-17 10:36:02,2020-04-17 10:36:02,2020-04-17,8,15400,1420,72,80,71,199,199,440
DOH000000000000357,221,"IMMACULATE HEART OF MARY HOSPITAL, INC.",2020-04-17 12:37:40,2020-04-17 12:37:40,2020-04-17,8,1000,3000,13,26,14,70,200,31
DOH000000000004413,331,COMPOSTELA VALLEY PROVINCIAL HOSPITAL - MONTEVISTA,2020-04-17 14:52:37,2020-04-17 14:52:37,2020-04-17,10,8271,1200,0,190,49,20,21178,340
DOH000000000003211,160,DVO. ORIENTAL PROV'L HOSP.- LUPON,2020-04-17 11:22:45,2020-04-17 11:22:45,2020-04-17,10,2300,90,2,78,90,67,2950,28
DOH000000000003771,590,SOUTHERN PALAWAN PROVINCIAL HOSPITAL,2020-04-17 21:16:22,2020-04-17 21:16:22,2020-04-17,10,398,29,8,493,210,145,450,310
DOH000000000003623,204,LANAO DEL NORTE PROVINCIAL HOSPITAL,2020-04-17 12:02:20,2020-04-17 12:02:20,2020-04-17,10,736,168,11,9,276,1,157,15
DOH000000000005139,519,EASTERN VISAYAS REGIONAL MEDICAL CENTER (new),2020-04-17 16:55:18,2020-04-17 16:55:18,2020-04-17,10,8750,1150,107,0,1034,315,37700,0
DOH000000000003300,126,BAYUGAN COMMUNITY HOSPITAL,2020-04-17 10:44:43,2020-04-17 10:44:43,2020-04-17,10,1400,70,2,0,35,50,2500,30
DOH000000000000805,656,Western Visayas Sanitarium,2020-04-18 14:05:14,2020-04-18 14:05:14,2020-04-18,10,1860,950,110,155,60,230,2600,600
DOH000000000003906,157,BUKIDNON PROVINCIAL HOSPITAL - KIBAWE,2020-04-17 11:21:10,2020-04-17 11:21:10,2020-04-17,11,400,300,16,0,299,50,122,218
DOH000000000005052,39,"Dr. Fernando B. Duran, Sr. Memorial Hospital",2020-04-17 8:28:07,2020-04-17 8:28:07,2020-04-17,13,1000,0,8,257,1586,1361,4000,0
DOH000000000005567,539,"ILOILO DOCTORS? HOSPITAL, INCORPORATED",2020-04-17 17:27:04,2020-04-17 17:27:04,2020-04-17,13,1000,1000,50,109,76,40,2500,625
DOH000000000001670,584,DON MODESTO FORMILLEZA SR. MEMORIAL HOSPITAL,2020-04-17 20:24:18,2020-04-17 20:24:18,2020-04-17,15,4800,156,70,15,58,50,3100,20
DOH000000000000276,546,DR. PAULINO J. GARCIA MEMORIAL RESEARCH & MEDICAL CENTER,2020-04-17 17:41:45,2020-04-17 17:41:45,2020-04-17,15,12400,1641,0,251,144,89,11074,1797
DOH000000000002479,390,"DIGOS DOCTORS? HOSPITAL, INC.",2020-04-17 15:30:35,2020-04-17 15:30:35,2020-04-17,16,1013,432,11,19,1974,17,5000,200
DOH000000000030199,10,DIADI EMERGENCY HOSPITAL,2020-04-17 7:31:23,2020-04-17 7:31:23,2020-04-17,18,350,350,0,20,350,20,200,0
DOH000000000002060,50,TINAMBAC MUNICIPAL HOSPITAL,2020-04-17 8:41:16,2020-04-17 8:41:16,2020-04-17,20,0,34,12,10,26,34,50,2
DOH000000000004971,161,"GENERAL SANTOS DOCTORS? HOSPITAL, INC.",2020-04-17 11:24:26,2020-04-17 11:24:26,2020-04-17,1300,77753,264,50,0,92,76,7645,2618
DOH000000000000280,145,ILOCOS SUR DISTRICT HOSPITAL - SALCEDO,2020-04-17 11:12:15,2020-04-17 11:12:15,2020-04-17,21,2800,26,21,26,21,23,3540,44
DOH000000000000272,478,JAMES L. GORDON MEMORIAL HOSPITAL,2020-04-17 16:19:56,2020-04-17 16:19:56,2020-04-17,22,33,1400,820,1590,1740,703,125,746
DOH000000000000597,312,KAPATAGAN PROVINCIAL HOSPITAL,2020-04-17 14:30:36,2020-04-17 14:30:36,2020-04-17,25,31628,65,147,2,78,170,10541,436
DOH000000000004308,1,"ESTEVEZ MEMORIAL HOSPITAL, INC.",2020-04-17 2:29:14,2020-04-17 2:29:14,2020-04-17,26,7000,300,65,40,60,60,4600,200
DOH000000000000247,246,JUAN M. ALBERTO MEMORIAL DISTRICT HOSPITAL,2020-04-17 13:13:28,2020-04-17 13:13:28,2020-04-17,26,18200,212,7,84,23,126,4900,227
DOH000000000000802,303,VALENZUELA MEDICAL CENTER,2020-04-17 14:23:38,2020-04-17 14:23:38,2020-04-17,27,2200,45300,72,449,719,1120,34000,1635
DOH000000000003916,69,CUYO DISTRICT HOSPITAL,2020-04-17 9:28:38,2020-04-17 9:28:38,2020-04-17,30,400,335,60,145,45,152,200,25
DOH000000000002117,114,OCCIDENTAL MINDORO PROVINCIAL HOSPITAL,2020-04-17 10:27:02,2020-04-17 10:27:02,2020-04-17,30,20000,344,85,103,178,326,4090,80
DOH000000000006013,669,FATIMA UNIVERSITY MEDICAL CENTER CORPORATION,2020-04-18 16:54:04,2020-04-18 16:54:04,2020-04-18,286,851,4461,193,88,116,472,6421,311
DOH000000000000605,299,KOLAMBUGAN PROVINCIAL HOSPITAL,2020-04-17 14:16:59,2020-04-17 14:16:59,2020-04-17,33,1980,246,10,0,295,0,850,37
DOH000000000005461,389,SAN MARIANO COMMUNITY HOSPITAL,2020-04-17 15:29:30,2020-04-17 15:29:30,2020-04-17,35,2500,50,35,35,35,40,100,35
DOH000000000038482,422,DR. JOSE RIZAL DISTRICT HOSPITAL,2020-04-17 15:44:47,2020-04-17 15:44:47,2020-04-17,37,147,126,25,17,52,62,125,149
DOH000000000003413,116,KUTA CESAR L. SANG-AN STATION HOSPITAL,2020-04-17 10:28:21,2020-04-17 10:28:21,2020-04-17,37,900,23,44,0,27,0,206,0
DOH000000000000233,113,TOLEDO CITY GENERAL HOSPITAL,2020-04-17 10:26:09,2020-04-17 10:26:09,2020-04-17,37,1600,84,9,10,39,139,1449,4
DOH000000000005197,658,ROMBLON PROVINCIAL HOSPITAL,2020-04-18 14:28:05,2020-04-18 14:28:05,2020-04-18,38,3800,2100,0,85,115,73,1500,370
DOH000000000002162,194,CAGAYAN VALLEY MEDICAL CENTER,2020-04-17 11:54:08,2020-04-17 11:54:08,2020-04-17,40,22200,10065,343,1054,5026,400,78880,3257
DOH000000000002593,175,MARIANO MARCOS MEMORIAL HOSPITAL AND MEDICAL CENTER,2020-04-17 11:33:26,2020-04-17 11:33:26,2020-04-17,40,1300,150,9,265,304,20,1300,147
DOH000000000007247,480,COMPOSTELA VALLEY PROVINCIAL HOSPITAL - LAAK,2020-04-17 16:22:03,2020-04-17 16:22:03,2020-04-17,40,2,180,80,71,74,96,42,0
DOH000000000005166,639,COMPOSTELA VALLEY PROVINCIAL HOSPITAL -MARAGUSAN,2020-04-18 11:49:11,2020-04-18 11:49:11,2020-04-18,40,400,170,10,50,70,10,1360,15
DOH000000000006592,40,SOUTH COTABATO PROVINCIAL HOSPITAL,2020-04-17 8:29:58,2020-04-17 8:29:58,2020-04-17,42,340,12999,150,34,1470,589,9700,7669
DOH000000000000587,451,J.R. BORJA GENERAL HOSPITAL,2020-04-17 15:59:39,2020-04-17 15:59:39,2020-04-17,48,3300,135,28,153,130,450,2300,334
DOH000000000001918,25,CARAGA REGIONAL HOSPITAL,2020-04-17 8:13:38,2020-04-17 8:13:38,2020-04-17,48,31100,1140,0,1280,572,427,167950,9063
DOH000000000030973,469,"METRO NORTH MEDICAL CENTER AND HOSPITAL, INC.",2020-04-17 16:12:10,2020-04-17 16:12:10,2020-04-17,49,2500,1312,182,173,800,1197,3417,78
DOH000000000005148,693,TAAL POLYMEDIC HOSPITAL AND MEDICAL CENTER,2020-04-19 14:28:35,2020-04-19 14:28:35,2020-04-19,50,20,50,30,30,55,50,5,0
DOH000000000002928,413,DINGRAS DISTRICT HOSPITAL,2020-04-17 15:41:52,2020-04-17 15:41:52,2020-04-17,50,400,400,5,50,400,5,80,15
DOH000000000003432,282,BALAOAN DISTRICT HOSPITAL,2020-04-17 13:49:52,2020-04-17 13:49:52,2020-04-17,50,300,1020,5,15,370,447,3600,0
DOH000000000000277,343,Bicol Sanitarium,2020-04-17 14:57:14,2020-04-17 14:57:14,2020-04-17,50,50000,2127,170,52,183,100,15500,1720
DOH000000000000760,350,ST. DOMINIC MEDICAL CENTER INC.,2020-04-17 15:01:06,2020-04-17 15:01:06,2020-04-17,563,20850,404,51,41,404,214,997,450
DOH000000000000652,66,MASBATE MEDICAL MISSION GROUP HOSPITAL SERVICE COOPERATIVE,2020-04-17 9:17:39,2020-04-17 9:17:39,2020-04-17,55,4400,2200,5,15,75,44,500,40
DOH000000000005811,95,"RICARDO LIMSO MEDICAL CENTER, INC.",2020-04-17 9:57:02,2020-04-17 9:57:02,2020-04-17,56,1500,500,41,56,106,120,1250,100
DOH000000000002740,594,"ANGELES UNIVERSITY FOUNDATION MEDICAL CENTER, INC.",2020-04-17 21:54:51,2020-04-17 21:54:51,2020-04-17,56,38387,56,72,56,56,72,15478,987
DOH000000000004794,470,"RIVERA MEDICAL CENTER, INC.",2020-04-17 16:12:10,2020-04-17 16:12:10,2020-04-17,59,19400,586,23,111,70,61,5000,314
DOH000000000000646,120,Margosatubig Regional Hospital,2020-04-17 10:38:53,2020-04-17 10:38:53,2020-04-17,60,222200,121600,1,220,2052,300,23900,1120
DOH000000000005002,652,ILOCOS SUR PROVINCIAL HOSPITAL GABRIELA SILANG,2020-04-18 13:38:37,2020-04-18 13:38:37,2020-04-18,65,2500,100,60,35,95,120,2300,50
DOH000000000004831,672,CALBAYOG DISTRICT HOSPITAL,2020-04-18 17:54:11,2020-04-18 17:54:11,2020-04-18,65,2600,5000,0,2,132,213,25000,40
DOH000000000000540,611,EAST AVENUE MEDICAL CENTER,2020-04-18 8:14:30,2020-04-18 8:14:30,2020-04-18,1090,62500,151000,1499,200,465,3454,109750,14934
DOH000000000007064,569,SAN LORENZO RUIZ WOMEN'S HOSPITAL,2020-04-17 18:56:21,2020-04-17 18:56:21,2020-04-17,1090,143400,13750,1149,1233,580,1062,24700,2647
DOH000000000003351,261,LUNA GOCO MEDICAL CENTER,2020-04-17 13:31:46,2020-04-17 13:31:46,2020-04-17,69,200,69,30,15,69,20,150,20
DOH000000000032085,304,NORTHSIDE DOCTORS HOSPITAL,2020-04-17 14:23:45,2020-04-17 14:23:45,2020-04-17,70,200639,2200,21,277,290,100,7250,253
DOH000000000004534,117,DAVAO DOCTORS HOSPITAL,2020-04-17 10:33:43,2020-04-17 10:33:43,2020-04-17,70,361800,13100,579,490,485,0,138150,238
DOH000000000001686,127,HEART OF JESUS HOSPITAL,2020-04-17 10:45:14,2020-04-17 10:45:14,2020-04-17,71,10035,2776,128,20,490,380,6097,96
DOH000000000002777,427,ILOCOS TRAINING AND REGIONAL MEDICAL CENTER,2020-04-17 15:46:03,2020-04-17 15:46:03,2020-04-17,328,1090,690,112,613,298,267,473,587
DOH000000000005253,75,"LOS BA?OS DOCTORS HOSPITAL AND MEDICAL CENTER, INCORPORATED",2020-04-17 9:36:22,2020-04-17 9:36:22,2020-04-17,73,39565,5201,40,50,264,100,6002,123
DOH000000000003885,696,ST. VINCENT'S MEDICAL CLINIC - HINUNDAYAN,2020-04-19 16:38:04,2020-04-19 15:35:30,2020-04-19,75,550,128,6,0,32,22,0,30
DOH000000000004704,310,PRES. RAMON MAGSAYSAY MEMORIAL HOSPITAL,2020-04-17 14:27:41,2020-04-17 14:27:41,2020-04-17,78,702,95,29,27,54,39,162,102
DOH000000000000268,597,DAVAO REGIONAL MEDICAL CENTER,2020-04-17 22:14:04,2020-04-17 22:14:04,2020-04-17,79,2590,630,173,205,368,85,193,599
DOH000000000031927,52,NICC DOCTORS HOSPITAL,2020-04-17 8:44:14,2020-04-17 8:44:14,2020-04-17,83,8200,383,2,5,243,80,100,6
DOH000000000000761,125,"ST. ELIZABETH HOSPITAL, INC.",2020-04-17 10:44:13,2020-04-17 10:44:13,2020-04-17,342,74917,6010,0,41,41,7,24567,560
DOH000000000004330,21,"OUR LADY OF MT. CARMEL MEDICAL CENTER, INC.",2020-04-17 8:03:39,2020-04-17 8:03:39,2020-04-17,87,2000,201,82,53,382,61,350,394
DOH000000000007694,9,"OUR LADY OF LOURDES INTERNATIONAL MEDICAL CENTER, INC.",2020-04-17 7:30:30,2020-04-17 7:30:30,2020-04-17,91,4100,957,0,0,176,200,530,0
DOH000000000003757,393,NAGUILIAN DISTRICT HOSPITAL,2020-04-17 15:32:16,2020-04-17 15:32:16,2020-04-17,99,1200,608,14,92,28,163,5500,42
DOH000000000000481,561,DON JOSE S. MONFORT MEDICAL CENTER EXTENSION HOSPITAL,2020-04-17 18:29:50,2020-04-17 18:29:50,2020-04-17,1379,6800,3498,87,374,90,218,12750,885
DOH000000000000603,555,"KIDAPAWAN DOCTORS? HOSPITAL, INC.",2020-04-17 18:12:06,2020-04-17 18:12:06,2020-04-17,100,30000,2000,0,50,2000,200,2000,50
DOH000000000001902,704,"ALLAH VALLEY MEDICAL SPECIALISTS CENTER, INC.",2020-04-19 18:34:00,2020-04-19 18:34:00,2020-04-19,100,12211,1229,60,30,159,52,2967,7
DOH000000000004502,144,IGNACIO LACSON ARROYO SR. MEMORIAL DISTRICT HOSPITAL,2020-04-17 11:11:41,2020-04-17 11:11:41,2020-04-17,100,0,13,0,130,13,100,350,0
DOH000000000002141,360,DR. LORENZO T. ZIGA MEMORIAL DISTRICT HOSPITAL,2020-04-17 15:08:34,2020-04-17 15:08:34,2020-04-17,101,5000,101,101,0,101,101,0,930
DOH000000000035681,11,LEGAZPI CITY HOSPITAL,2020-04-17 7:31:38,2020-04-17 7:31:38,2020-04-17,106,27696,3032,35,12,210,52,16542,0
DOH000000000034473,680,UPPER VALLEY COMMUNITY HOSPITAL,2020-04-18 21:40:16,2020-04-18 21:40:16,2020-04-18,364,5114,396,915,626,529,1266,1234,3792
DOH000000000005687,190,SEAMEN?S HOSPITAL,2020-04-17 11:49:14,2020-04-17 11:49:14,2020-04-17,109,567,2650,55,95,189,109,21660,1900
DOH000000000030198,481,INDIGINEOUS PEOPLES HOSPITAL FOUNDATION OF THE DIOCESE OF BA,2020-04-17 16:22:49,2020-04-17 16:22:49,2020-04-17,887,46600,2155,30,105,1270,545,7700,100
DOH000000000005353,269,Don Emilio del Valle Memorial Hospital,2020-04-17 13:36:56,2020-04-17 13:36:56,2020-04-17,120,73000,700,77,21,140,323,19024,1555
DOH000000000004517,494,"DR. MARCELO M. CHAN MEMORIAL HOSPITAL, INC.",2020-04-17 16:35:06,2020-04-17 16:35:06,2020-04-17,120,12000,80,5,5,130,20,1500,80
DOH000000000004799,535,SAN LAZARO HOSPITAL,2020-04-17 17:17:21,2020-04-17 17:17:21,2020-04-17,7547,4090,17912,1439,5901,797,3837,10564,20602
DOH000000000005071,291,"ST. PAUL HOSPITAL OF TUGUEGARAO, INC.",2020-04-17 14:06:25,2020-04-17 14:06:25,2020-04-17,380,80,440,440,440,438,0,500,357
DOH000000000000499,694,DR. JOSE FABELLA MEMORIAL HOSPITAL,2020-04-19 14:40:17,2020-04-19 14:40:17,2020-04-19,380,7000,200,680,400,650,900,6000,500
DOH000000000003412,275,"SE?OR STO. NI?O HOSPITAL, INC.",2020-04-17 13:42:32,2020-04-17 13:42:32,2020-04-17,126,4000,40,7,50,19,242,8700,43
DOH000000000005389,507,GOVERNOR CELESTINO GALLARES MEMORIAL HOSPITAL,2020-04-17 16:41:36,2020-04-17 16:41:36,2020-04-17,1150,50400,4600,0,275,13500,690,11850,2499
DOH000000000003191,521,DE LOS SANTOS MEDICAL CENTER,2020-04-17 16:56:31,2020-04-17 16:56:31,2020-04-17,1150,112,5000,212,500,2517,5000,15000,2000
DOH000000000003815,537,ZAMBOANGA CITY MEDICAL CENTER,2020-04-17 17:22:02,2020-04-17 17:22:02,2020-04-17,1154,80700,294,195,320,2920,1066,6162,1237
DOH000000000002232,701,RESEARCH INSTITUTE FOR TROPICAL MEDICINE,2020-04-19 17:31:38,2020-04-19 17:31:38,2020-04-19,10883,273276,16718,5065,10655,5423,7791,291253,54158
DOH000000000000232,259,SAN SEBASTIAN DISTRICT HOSPITAL,2020-04-17 13:29:31,2020-04-17 13:29:31,2020-04-17,132,1000,800,52,30,385,100,500,50
DOH000000000000807,384,ZAMBOANGA DEL NORTE MEDICAL CENTER,2020-04-17 15:26:03,2020-04-17 15:26:03,2020-04-17,134,4900,2858,71,445,137,70,2250,40
DOH000000000002172,238,"PERPETUAL SUCCOUR HOSPITAL OF CEBU, INC.",2020-04-17 13:04:11,2020-04-17 13:04:11,2020-04-17,139,27000,1400,150,313,282,1174,823,337
DOH000000000002829,329,BATANGAS MEDICAL CENTER,2020-04-17 14:51:51,2020-04-17 14:51:51,2020-04-17,140,27940,233,730,1537,1342,2233,11838,1264
DOH000000000000278,614,BICOL MEDICAL CENTER,2020-04-18 8:28:29,2020-04-18 8:28:29,2020-04-18,140,3480,500,87,100,509,80,4550,600
DOH000000000000700,676,PASIG CITY GENERAL HOSPITAL,2020-04-18 19:38:44,2020-04-18 19:38:44,2020-04-18,400,5000,650,50,300,572,300,13750,505
DOH000000000003561,197,MANUEL J. SANTOS HOSPITAL,2020-04-17 11:56:49,2020-04-17 11:56:49,2020-04-17,150,8000,5000,19,80,3000,0,300,25
DOH000000000034411,538,PAMPANGA PREMIER MEDICAL CENTER INC.,2020-04-17 17:26:50,2020-04-17 17:26:50,2020-04-17,920,558,4385,335,265,1508,66,15040,330
DOH000000000000637,700,MAKATI MEDICAL CENTER,2020-04-19 16:06:30,2020-04-19 16:06:30,2020-04-19,6558,1229500,82882,15878,28993,70731,7350,342850,3100
DOH000000000037100,486,"DILIMAN DOCTORS HOSPITAL, INC. (new)",2020-04-17 16:26:16,2020-04-17 16:26:16,2020-04-17,417,327100,18240,490,0,9126,200,31907,396
DOH000000000005029,655,ROXAS MEMORIAL PROVINCIAL HOSPITAL,2020-04-18 14:02:21,2020-04-18 14:02:21,2020-04-18,425,311,425,0,311,519,954,2731,311
DOH000000000000512,148,DR. PABLO O. TORRE MEMORIAL HOSPITAL,2020-04-17 11:14:35,2020-04-17 11:14:35,2020-04-17,170,168400,11700,1118,665,11250,399,155130,0
DOH000000000030152,56,"ISABELA UNITED DOCTORS MEDICAL CENTER, INC.",2020-04-17 8:53:19,2020-04-17 8:53:19,2020-04-17,430,5200,8000,240,0,4000,120,1000,425
DOH000000000003409,172,ABORLAN MEDICAL HOSPITAL,2020-04-17 11:33:05,2020-04-17 11:33:05,2020-04-17,435,179,132,61,59,33,60,400,195
DOH000000000000271,509,JOSE B. LINGAD MEMORIAL REGIONAL HOSPITAL,2020-04-17 16:42:01,2020-04-17 16:42:01,2020-04-17,198,447700,13629,653,1920,367,340,37600,100
DOH000000000006596,302,TONDO MEDICAL CENTER,2020-04-17 14:23:37,2020-04-17 14:23:37,2020-04-17,199,14200,279,54,50,276,92,17700,741
DOH000000000006039,417,"MAYOR HILARION A. RAMIRO, SR., MEDICAL CENTER",2020-04-17 15:43:08,2020-04-17 15:43:08,2020-04-17,200,7100,12000,45,20,400,0,81300,2240
DOH000000000006688,340,"CENTRAL LUZON DOCTORS? HOSPITAL, INC.",2020-04-17 14:56:43,2020-04-17 14:56:43,2020-04-17,2518,33100,6876,0,353,204,463,54588,0
DOH000000000002212,349,Dr. PJGMRMC Talavera Extension Hospital,2020-04-17 15:00:41,2020-04-17 15:00:41,2020-04-17,220,12000,6200,50,244,1100,100,4550,853
DOH000000000006037,432,"MARY JOHNSTON HOSPITAL, INC.",2020-04-17 15:49:46,2020-04-17 15:49:46,2020-04-17,222,0,371,142,285,398,1257,7248,213
DOH000000000004707,375,ADELA SERRA TY MEMORIAL MEDICAL CENTER,2020-04-17 15:16:27,2020-04-17 15:16:27,2020-04-17,481,2010,470,40,60,3850,115,1800,430
DOH000000000000502,483,DR. JOSE N. RODRIGUEZ MEMORIAL HOSPITAL,2020-04-17 16:23:07,2020-04-17 16:23:07,2020-04-17,3300,3300,3300,3300,3300,3300,3300,20000,0
DOH000000000003499,496,OSPITAL NG MUNTINLUPA,2020-04-17 16:35:14,2020-04-17 16:35:14,2020-04-17,497,861,1108,178,325,626,1250,5750,0
DOH000000000003313,123,SOUTHERN ISABELA GENERAL HOSPITAL,2020-04-17 10:42:23,2020-04-17 10:42:23,2020-04-17,500,19800,9223,426,729,440,1506,13644,1439
DOH000000000005998,208,"BATANGAS HEALTH CARE HOSPITAL, JESUS OF NAZARETH",2020-04-17 12:10:28,2020-04-17 12:10:28,2020-04-17,249,25700,5591,0,544,149,360,389,583
DOH000000000000446,313,CHINESE GENERAL HOSPITAL & MEDICAL CENTER,2020-04-17 14:32:55,2020-04-17 14:32:55,2020-04-17,250,500,200,50,1000,600,1000,2500,1000
DOH000000000003522,679,ST. LUKE?S MEDICAL CENTER,2020-04-18 21:02:37,2020-04-18 21:02:37,2020-04-18,38654,8855,17300,1058,26563,47175,2487,1002300,4402
DOH000000000037412,649,HOSPITAL DE ZAMBOANGA INC.,2020-04-18 13:04:14,2020-04-18 13:04:14,2020-04-18,0,837,283,6,0,0,10,220,6
DOH000000000007054,579,"METRO PAGADIAN SPECIALIST HOSPITAL, INC.",2020-04-17 19:47:44,2020-04-17 19:47:44,2020-04-17,0,25,25,0,0,0,5,25,0
DOH000000000006020,540,JASAAN MUNICIPAL HOSPITAL,2020-04-17 17:28:07,2020-04-17 17:28:07,2020-04-17,0,0,20,0,10,0,20,0,5
DOH000000000004996,484,DEMANO'S MEDICAL AND PEDIATRIC CLINIC,2020-04-17 16:23:44,2020-04-17 16:23:44,2020-04-17,0,20,0,0,0,0,15,30,0
DOH000000000003201,562,ALEOSAN DISTRICT HOSPITAL,2020-04-17 18:31:08,2020-04-17 18:31:08,2020-04-17,0,50,20,9,8,0,0,50,0
DOH000000000005233,20,LIZASO HOSPITAL,2020-04-17 8:01:32,2020-04-17 8:01:32,2020-04-17,0,10,10,0,0,0,0,20,0
DOH000000000037946,12,LB CRUEL MEDICAL CLINIC,2020-04-17 7:32:56,2020-04-17 7:32:56,2020-04-17,0,50,0,0,0,0,3,50,0
DOH000000000000579,355,JAMELARIN HOSPITAL,2020-04-17 15:04:01,2020-04-17 15:04:01,2020-04-17,0,0,0,0,0,0,0,0,0
DOH000000000000408,284,ARUELO GENERAL HOSPITAL,2020-04-17 13:53:29,2020-04-17 13:53:29,2020-04-17,0,750,0,0,3,0,0,200,20
DOH000000000000312,218,AGOO FAMILY HOSPITAL,2020-04-17 12:35:52,2020-04-17 12:35:52,2020-04-17,0,100,0,0,10,0,100,0,0
DOH000000000003975,499,NUESTRO ESPIRITU MEDICAL-SURGICAL AND DIAGNOSTIC CLINIC,2020-04-17 16:35:34,2020-04-17 16:35:34,2020-04-17,0,0,0,0,0,0,0,0,0
DOH000000000004793,659,"CABATUAN FAMILY HOSPITAL, INC.",2020-04-18 14:37:31,2020-04-18 14:37:31,2020-04-18,0,150,120,0,0,0,30,0,0
DOH000000000033251,571,AURORA COMMUNITY & EMERGENCY HOSPITAL,2020-04-17 19:06:19,2020-04-17 19:06:19,2020-04-17,0,0,0,0,0,0,0,0,0
DOH000000000004054,339,RAPU-RAPU DISTRICT HOSPITAL,2020-04-17 14:56:37,2020-04-17 14:56:37,2020-04-17,0,2250,2900,0,4,0,0,0,63
DOH000000000001980,80,ALICIA DISTRICT HOSPITAL,2020-04-17 9:41:03,2020-04-17 9:41:03,2020-04-17,0,0,0,0,0,0,0,0,0
DOH000000000000390,550,"TANCHULING GENERAL HOSPITAL, INC.",2020-04-17 17:50:35,2020-04-17 17:50:35,2020-04-17,0,0,50,0,0,0,59,100,0
DOH000000000004529,91,"ADVENTIST HOSPITAL-PALAWAN, INC.",2020-04-17 9:53:56,2020-04-17 9:53:56,2020-04-17,0,7200,1693,20,59,0,20,104,43
DOH000000000002851,270,SOCORRO DISTRICT HOSPITAL,2020-04-17 13:40:27,2020-04-17 13:40:27,2020-04-17,0,260,20,5,0,0,10,100,0
DOH000000000003277,240,LABRADOR MUNICIPAL HOSPITAL,2020-04-17 13:07:02,2020-04-17 13:07:02,2020-04-17,0,600,0,0,0,0,3,300,0
DOH000000000000228,593,QUEZON MEDICARE HOSPITAL,2020-04-17 21:51:41,2020-04-17 21:51:41,2020-04-17,0,0,0,0,28,0,50,150,150
DOH000000000000449,458,CIUDAD MEDICAL ZAMBOANGA,2020-04-17 16:04:34,2020-04-17 16:04:34,2020-04-17,0,13200,3700,0,100,0,86,6500,1087
DOH000000000001663,459,CARAMOAN MUNICIPAL HOSPITAL,2020-04-17 16:04:51,2020-04-17 16:04:51,2020-04-17,0,0,0,0,0,0,0,0,0
DOH000000000000478,89,DOMINGO CASANO HOSPITAL,2020-04-17 9:48:02,2020-04-17 9:48:02,2020-04-17,0,150,0,0,0,0,75,2800,1
DOH000000000000346,109,LUMBIS RANCES GENERAL HOSPITAL,2020-04-17 10:21:18,2020-04-17 10:21:18,2020-04-17,0,100,20,5,16,0,10,0,0
DOH000000000003810,18,BUKIDNON PROVINCIAL HOSPITAL - SAN FERNANDO,2020-04-17 7:59:39,2020-04-17 7:59:39,2020-04-17,0,9000,500,3,0,0,4,5000,14
DOH000000000035973,198,ADVENT CHILDREN'S HEALTHCARE HOSPITAL,2020-04-17 11:57:17,2020-04-17 11:57:17,2020-04-17,0,20,0,0,0,0,1,0,4
DOH000000000006900,446,R AND L MEDICAL CLINIC,2020-04-17 15:57:37,2020-04-17 15:57:37,2020-04-17,0,40,0,0,0,0,0,0,0
DOH000000000037893,202,GONZALES MEDICAL-SURGICAL AND BIRTHING CLINIC,2020-04-17 12:00:11,2020-04-17 12:00:11,2020-04-17,0,390,0,0,0,0,10,120,6
DOH000000000038480,702,"SURIGAO DOCTORS' HOSPITAL, INC.",2020-04-19 17:34:16,2020-04-19 17:34:16,2020-04-19,0,200,0,5,60,0,20,100,60
DOH000000000000323,48,BUNGABONG-SANICO MEDICAL CLINIC & MATERNITY HOSPITAL,2020-04-17 8:37:49,2020-04-17 8:37:49,2020-04-17,0,50,0,0,0,0,7,0,0
DOH000000000005969,625,BENDIJO HOSPITAL,2020-04-18 9:18:25,2020-04-18 9:18:25,2020-04-18,0,0,0,0,0,0,2,10,0
DOH000000000005125,106,DR. BERNARDO B. CORRAL MEMORIAL HOSPITAL,2020-04-17 10:19:41,2020-04-17 10:19:41,2020-04-17,0,100,0,0,0,0,0,0,0
DOH000000000003877,514,TABLAS DOCTORS HOSPITAL,2020-04-17 16:50:08,2020-04-17 16:50:08,2020-04-17,0,3,0,0,0,0,50,0,0
DOH000000000038151,29,DARAGA DOCTORS HOSPITAL,2020-04-17 8:16:14,2020-04-17 8:16:14,2020-04-17,0,7500,200,8,0,0,3,500,250
DOH000000000004244,553,OUR LADY OF FATIMA HOSPITAL,2020-04-17 18:07:20,2020-04-17 18:07:20,2020-04-17,0,100,20,0,0,0,2,20,20
DOH000000000023766,150,PHILSAGA MINING HOSPITAL,2020-04-17 11:18:02,2020-04-17 11:18:02,2020-04-17,0,500,36,6,12,0,24,100,0
DOH000000000035328,429,ISABEL EMERGENCY HOSPITAL,2020-04-17 15:48:26,2020-04-17 15:48:26,2020-04-17,0,200,0,0,1,0,15,0,0
DOH000000000000270,318,BICOL REGIONAL TRAINING AND TEACHING HOSPITAL,2020-04-17 14:43:14,2020-04-17 14:43:14,2020-04-17,0,8450,6000,0,250,0,0,26000,1820
DOH000000000003986,2,ROSARY OF VIRGIN MARY HOSPITAL,2020-04-17 5:21:36,2020-04-17 5:21:36,2020-04-17,0,0,0,0,0,0,0,0,0
DOH000000000000353,619,JA ALEGRE MED.  CLINIC & HOSP.,2020-04-18 8:47:04,2020-04-18 8:47:04,2020-04-18,0,300,0,2,0,0,12,1500,1
DOH000000000000363,456,DR. ROBOSA HOSPITAL,2020-04-17 16:03:24,2020-04-17 16:03:24,2020-04-17,0,30,0,0,0,0,0,30,0
DOH000000000004665,431,MADRID DISTRICT HOSPITAL,2020-04-17 15:48:50,2020-04-17 15:48:50,2020-04-17,0,1000,200,0,48,0,30,1000,0
DOH000000000007482,137,DAVAO DEL NORTE HOSPITAL (ISALND GARDEN CITY OF SAMAL ZONE),2020-04-17 10:59:47,2020-04-17 10:59:47,2020-04-17,0,1000,100,0,274,0,159,5750,56
DOH000000000003299,73,GENEROSA I. GONZALES MEMORIAL HOSPITAL,2020-04-17 9:33:23,2020-04-17 9:33:23,2020-04-17,0,100,20,0,0,0,20,15,10
DOH000000000005354,90,MEDICAL MISSION GROUP OF HOSP AND HEALTH SERVICE- BOHOL COOP,2020-04-17 9:52:55,2020-04-17 9:52:55,2020-04-17,0,7767,0,0,0,0,5,0,74
DOH000000000002260,96,DR. ERLINDA B. ESTANISLAO MEMORIAL HOSPITAL,2020-04-17 10:01:26,2020-04-17 10:01:26,2020-04-17,0,50,0,0,0,0,10,20,0
DOH000000000000060,460,SIRUMA MUNICIPAL HOSPITAL,2020-04-17 16:05:34,2020-04-17 16:05:34,2020-04-17,0,0,0,0,0,0,0,0,0
DOH000000000037754,559,JABONGA COMMUNITY INFIRMARY,2020-04-17 18:26:06,2020-04-17 18:26:06,2020-04-17,0,0,0,0,0,0,10,0,0
DOH000000000001678,542,AACUACOR HEALTH CARE & HOSPITAL,2020-04-17 17:33:38,2020-04-17 17:33:38,2020-04-17,0,5,0,2,0,0,5,20,0
DOH000000000004256,28,DR. SOFRONIO B. GARCIA MEMORIAL HOSPITAL,2020-04-17 8:14:58,2020-04-17 8:14:58,2020-04-17,0,200,168,0,0,0,0,0,0
DOH000000000007055,8,STO. NINO HOSPITAL,2020-04-17 7:12:16,2020-04-17 7:12:16,2020-04-17,0,20,0,0,0,0,20,20,0
DOH000000000004582,512,"P. GONZALES MEMORIAL HOSPITAL, INC.",2020-04-17 16:44:49,2020-04-17 16:44:49,2020-04-17,0,400,0,0,0,0,30,0,0
DOH000000000007708,665,PAGADIAN DOCTORS HOSPITAL,2020-04-18 16:22:28,2020-04-18 16:22:28,2020-04-18,0,500,100,0,0,0,40,200,0
DOH000000000002828,357,LT. TIDANG MEMORIAL HOSPITAL,2020-04-17 15:05:34,2020-04-17 15:05:34,2020-04-17,0,0,150,0,0,0,0,0,0
DOH000000000004201,81,MANDAUE CITY HOSPITAL,2020-04-17 9:41:09,2020-04-17 9:41:09,2020-04-17,0,900,500,0,250,0,120,0,0
DOH000000000032066,207,SAINT CAMILLUS DE LELLIS GENERAL HOSPITAL,2020-04-17 12:08:48,2020-04-17 12:08:48,2020-04-17,0,10,0,0,0,0,20,50,50
DOH000000000004522,322,SEÃ‘OR TESORO HOSPITAL,2020-04-17 14:47:06,2020-04-17 14:47:06,2020-04-17,0,50,0,0,0,0,3,100,0
DOH000000000005642,440,SALOMON-MANGILET MATERNITY AND MEDICAL HOSPITAL,2020-04-17 15:54:27,2020-04-17 15:54:27,2020-04-17,0,5,5,2,0,0,2,0,20
DOH000000000037388,272,"UNITED DOCTORS HOSPITAL OF COTABATO CITY, INC.",2020-04-17 13:42:01,2020-04-17 13:42:01,2020-04-17,0,0,0,0,0,0,6,0,0
DOH000000000032446,71,OUR LADY OF LOURDES INFIRMARY,2020-04-17 12:50:02,2020-04-17 9:31:51,2020-04-17,0,700,195,0,10,0,8,10,0
DOH000000000000143,443,ELVIN U. MASIGAN INTEGRATED MEMORIAL HOSPITAL,2020-04-17 15:54:47,2020-04-17 15:54:47,2020-04-17,0,4,0,0,0,0,0,0,0
DOH000000000005662,394,CICOSAT HOSPITAL,2020-04-17 15:32:28,2020-04-17 15:32:28,2020-04-17,0,0,0,0,0,0,0,0,0
DOH000000000006490,600,NABILOG COMMUNITY PRIMARY HOSPITAL,2020-04-18 6:25:01,2020-04-18 6:25:01,2020-04-18,0,0,0,0,5,0,25,0,0
DOH000000000037412,589,HOSPITAL DE ZAMBOANGA INC.,2020-04-17 21:09:39,2020-04-17 21:09:39,2020-04-17,0,837,283,6,0,0,25,220,6
DOH000000000032023,77,"DIVINE MERCY WELLNESS CENTER, INC.",2020-04-17 9:37:07,2020-04-17 9:37:07,2020-04-17,0,58380,4000,13,20,0,0,4000,80
DOH000000000005453,461,ISABELA DOCTORS GENERAL HOSPITAL,2020-04-17 16:06:42,2020-04-17 16:06:42,2020-04-17,0,89100,2994,83,144,0,506,3321,372
DOH000000000000586,437,JOSE R. REYES MEMORIAL MEDICAL CENTER,2020-04-17 15:53:18,2020-04-17 15:53:18,2020-04-17,0,0,3792,0,0,0,0,300,2800
DOH000000000034333,249,CARRASCAL PRIMARY HEALTH CARE INFIRMARY,2020-04-17 13:15:08,2020-04-17 13:15:08,2020-04-17,0,45,600,0,10,0,90,15,1
DOH000000000000370,558,ELGUIRA GENERAL HOSPITAL,2020-04-17 18:22:37,2020-04-17 18:22:37,2020-04-17,0,500,0,0,10,0,5,0,100
DOH000000000003669,6,"DE CASTRO HOSPITAL FOUNDATION, INC.",2020-04-17 6:39:06,2020-04-17 6:39:06,2020-04-17,0,250,0,0,0,0,10,30,22
DOH000000000003751,280,MEDICAL MISSION GROUP HOSPITAL AND HEALTH SERVICES COOPERATI,2020-04-17 13:48:27,2020-04-17 13:48:27,2020-04-17,0,250,50,0,30,0,30,500,0
DOH000000000000336,139,ST. FELIX MEDICAL HOSPITAL,2020-04-17 11:05:37,2020-04-17 11:05:37,2020-04-17,0,1000,30,0,0,0,10,150,0
DOH000000000007487,371,GOVERNOR FAUSTINO N. DY SR. MEMORIAL HOSPITAL,2020-04-17 15:13:24,2020-04-17 15:13:24,2020-04-17,0,0,0,0,66,0,55,400,0
DOH000000000032504,255,RACELIS-TIONGSON MEDICAL CLINIC,2020-04-17 13:24:12,2020-04-17 13:24:12,2020-04-17,0,1,0,0,0,0,0,0,0
DOH000000000025678,520,MATEO-MABBORANG GENERAL HOSPITAL,2020-04-17 16:55:23,2020-04-17 16:55:23,2020-04-17,0,150,100,0,0,0,25,0,0
DOH000000000000407,193,ARTECHE DISTRICT HOSPITAL,2020-04-17 11:52:17,2020-04-17 11:52:17,2020-04-17,0,400,0,0,0,0,0,120,0
DOH000000000005941,214,TUMAUINI COMMUNITY HOSPITAL,2020-04-17 12:22:48,2020-04-17 12:22:48,2020-04-17,0,0,0,0,0,0,0,0,0
DOH000000000003985,337,PAZZU MEDICAL CLINIC,2020-04-17 14:54:22,2020-04-17 14:54:22,2020-04-17,0,0,0,0,0,0,0,20,20
DOH000000000006893,527,ST. ANNE CLINIC,2020-04-17 17:05:27,2020-04-17 17:05:27,2020-04-17,0,0,0,0,0,0,0,0,0
DOH000000000000716,671,PINAN DISTRICT HOSPITAL,2020-04-18 17:36:59,2020-04-18 17:36:59,2020-04-18,0,0,0,0,0,0,0,0,0
DOH000000000000621,620,LINGIG COMMUNITY HOSPITAL,2020-04-18 8:49:51,2020-04-18 8:49:51,2020-04-18,1,10,10,2,0,0,20,10,20
DOH000000000029798,341,TALACOGON DISTRICT HOSPITAL,2020-04-17 14:57:01,2020-04-17 14:57:01,2020-04-17,1,950,5,0,7,0,15,0,22
DOH000000000000754,575,S.S LUMAPAS MEDICAL CLINIC,2020-04-17 19:27:18,2020-04-17 19:27:18,2020-04-17,2,0,0,0,0,0,20,0,0
DOH000000000009771,516,RENMAR SPECIALISTS' HOSPITAL,2020-04-17 16:52:05,2020-04-17 16:52:05,2020-04-17,2,100,0,10,0,0,20,0,0
DOH000000000000757,169,ST. CLAIRE HOSPITAL,2020-04-17 11:30:28,2020-04-17 11:30:28,2020-04-17,2,100,25,0,0,0,0,75,0
DOH000000000001891,670,BAYAWAN DISTRICT HOSPITAL,2020-04-18 17:02:14,2020-04-18 17:02:14,2020-04-18,2,200,12,4,6,0,7,16,20
DOH000000000000472,421,"DIGNUM FOUNDATION HOSPITAL, INC.",2020-04-17 15:44:34,2020-04-17 15:44:34,2020-04-17,2,3,0,0,0,0,20,20,0
DOH000000000003284,16,LIANKO'S MEDICAL CLINIC,2020-04-17 7:40:21,2020-04-17 7:40:21,2020-04-17,2,40,0,0,0,0,0,40,0
DOH000000000000310,332,SINAWILAN CLINIC & HOSPITAL AND HOSPITAL,2020-04-17 14:53:07,2020-04-17 14:53:07,2020-04-17,2,5,0,0,1,0,5,0,0
DOH000000000027113,548,HIBO-FRANCISCO HOSPITAL,2020-04-17 17:44:35,2020-04-17 17:44:35,2020-04-17,2,200,100,2,2,0,15,0,0
DOH000000000004056,447,MATALOM COMMUNITY HOSPITAL,2020-04-17 15:58:10,2020-04-17 15:58:10,2020-04-17,2,100,10,3,0,0,40,50,0
DOH000000000023762,187,ASENTISTA DOCTORS HOSPITAL AND LABORATORY,2020-04-17 11:45:01,2020-04-17 11:45:01,2020-04-17,2,200,0,2,1,0,0,100,7
DOH000000000002164,378,GAMBALAN HOSPITAL,2020-04-17 15:18:27,2020-04-17 15:18:27,2020-04-17,2,30,20,1,0,0,20,10,5
DOH000000000002804,364,MEDICAL MISSION GROUP HOSPITAL AND HEALTH SERVICES COOPERATI,2020-04-17 15:09:38,2020-04-17 15:09:38,2020-04-17,2,9500,1850,50,3,0,300,1150,50
DOH000000000009771,643,RENMAR SPECIALISTS' HOSPITAL,2020-04-18 12:18:25,2020-04-18 12:18:25,2020-04-18,2,70,0,10,0,0,16,0,0
DOH000000000000577,498,ISIDRO M. OLAN SR. MEMORIAL CLINIC AND HOSPITAL INC.,2020-04-17 16:35:30,2020-04-17 16:35:30,2020-04-17,2,50,2,6,2,0,6,50,10
DOH000000000000471,647,DELBERT JON'S POLYCLINIC INCORPORATED,2020-04-18 13:00:03,2020-04-18 13:00:03,2020-04-18,2,200,10,0,2,0,0,100,10
DOH000000000003554,67,PUYAOAN GENERAL HOSPITAL,2020-04-17 9:22:22,2020-04-17 9:22:22,2020-04-17,3,30,30,5,1,0,5,10,2
DOH000000000005048,708,SANTA CRUZ COMMUNITY HOSPITAL,2020-04-19 20:46:20,2020-04-19 20:46:20,2020-04-19,3,250,0,0,0,0,0,0,0
DOH000000000000298,532,DR. MIGUEL V. ALEGRE HOSPITAL,2020-04-17 17:13:49,2020-04-17 17:13:49,2020-04-17,3,900,0,0,0,0,10,30,3
DOH000000000037030,428,POLYMEDIC BIRTHING AND NATAL CARE,2020-04-17 15:46:10,2020-04-17 15:46:10,2020-04-17,3,100,100,3,0,0,6,0,0
DOH000000000038494,572,HORIZON MEDICAL CLINIC,2020-04-17 19:09:34,2020-04-17 19:09:34,2020-04-17,3,200,100,0,0,0,10,150,0
DOH000000000000309,472,JOSE PANGANIBAN PRIMARY HOSPITAL SERVICE COOPERATIVE,2020-04-17 16:14:17,2020-04-17 16:14:17,2020-04-17,3,1300,20,2,1,0,20,800,0
DOH000000000000333,618,"NABUNTURAN DOCTORS HOSP., INC.",2020-04-18 8:42:29,2020-04-18 8:42:29,2020-04-18,3,400,25,5,10,0,15,0,20
DOH000000000002761,156,SAINT LAWRENCE HOSPITAL,2020-04-17 11:21:00,2020-04-17 11:21:00,2020-04-17,3,50,0,0,0,0,5,0,0
DOH000000000004332,582,FRANCO CLINIC AND HOSPITAL,2020-04-17 20:06:45,2020-04-17 20:06:45,2020-04-17,3,5,3,2,0,0,5,10,2
DOH000000000005306,63,SAN ANTONIO DISTRICT HOSPITAL,2020-04-17 9:06:39,2020-04-17 9:06:39,2020-04-17,3,100,6,0,0,0,20,0,100
DOH000000000032025,288,GUARDIANO MATERNITY AND CHILDREN CLINIC AND HOSPITAL,2020-04-17 13:57:46,2020-04-17 13:57:46,2020-04-17,3,300,40,0,4,0,15,100,6
DOH000000000004162,543,CORADO MEDICAL CLINIC AND HOSPITAL,2020-04-17 17:39:57,2020-04-17 17:39:57,2020-04-17,3,100,30,20,0,0,40,0,10
DOH000000000001825,709,MINA DE ORO GENERAL HOSPITAL,2020-04-19 21:09:16,2020-04-19 21:09:16,2020-04-19,4,100,0,0,0,0,0,0,0
DOH000000000005437,130,DANAO MOTHER AND CHILD HOSPITAL,2020-04-17 10:55:34,2020-04-17 10:55:34,2020-04-17,4,100,15,4,3,0,18,50,5
DOH000000000004306,24,ISIP GENERAL HOSPITAL,2020-04-17 8:13:20,2020-04-17 8:13:20,2020-04-17,4,50,50,1,1,0,14,50,3
DOH000000000003449,111,GEN. MACARTHUR MUNICIPAL HOSPITAL,2020-04-17 10:25:28,2020-04-17 10:25:28,2020-04-17,4,30,5,0,0,0,3,50,0
DOH000000000000264,525,CONG. SIMEON G. TORIBIO MEMORIAL HOSPITAL,2020-04-17 17:03:32,2020-04-17 17:03:32,2020-04-17,4,47,100,30,0,0,30,0,0
DOH000000000004291,636,BAYUGAN JM YAP STO. NINO HOSPITAL,2020-04-18 11:12:39,2020-04-18 11:12:39,2020-04-18,4,100,4,6,0,0,4,0,0
DOH000000000002983,479,CASIGURAN DISTRICT HOSPITAL,2020-04-17 16:21:53,2020-04-17 16:21:53,2020-04-17,4,0,0,0,0,0,26,4,0
DOH000000000004568,245,SARANGANI MUNICIPAL HOSP.,2020-04-17 13:12:12,2020-04-17 13:12:12,2020-04-17,4,100,50,0,0,0,0,150,10
DOH000000000033684,323,PUERTO GALERA URGENT CARE CLINIC & DIAGNOSTIC CENTER,2020-04-17 14:47:28,2020-04-17 14:47:28,2020-04-17,5,100,30,3,2,0,5,40,5
DOH000000000000697,7,PANTAO DISTRICT HOSPITAL,2020-04-17 6:47:03,2020-04-17 6:47:03,2020-04-17,5,250,25,0,0,0,20,0,0
DOH000000000032447,640,"IROSIN GENERAL HOSPITAL, INC.",2020-04-18 12:00:23,2020-04-18 12:00:23,2020-04-18,5,100,20,10,2,0,20,20,10
DOH000000000007513,489,BAYUGAN CITY DOCTORS HOSPITAL,2020-04-17 16:28:52,2020-04-17 16:28:52,2020-04-17,5,300,0,0,0,0,20,30,5
DOH000000000037945,407,KARMELLI CLINIC AND HOSPITAL PINILI INC.,2020-04-17 15:38:47,2020-04-17 15:38:47,2020-04-17,5,200,60,3,5,0,6,50,5
DOH000000000003787,463,SAN MIGUEL COMMUNITY HOSPITAL,2020-04-17 16:07:36,2020-04-17 16:07:36,2020-04-17,5,1000,48,2,44,0,60,1500,60
DOH000000000000384,610,LYCEUM OF APARRI HOSPITAL,2020-04-18 8:01:46,2020-04-18 8:01:46,2020-04-18,5,1000,50,0,0,0,23,400,0
DOH000000000006004,227,CATARMAN DISTRICT HOSPITAL,2020-04-17 12:47:05,2020-04-17 12:47:05,2020-04-17,5,100,3,4,2,0,10,100,2
DOH000000000002435,455,CANDIJAY COMMUNITY HOSPITAL,2020-04-17 16:02:39,2020-04-17 16:02:39,2020-04-17,5,7000,50,2,35,0,50,2000,5
DOH000000000000454,545,CLINICA JESUS NAZARENO,2020-04-17 17:41:39,2020-04-17 17:41:39,2020-04-17,5,20,0,0,0,0,10,0,0
DOH000000000000392,601,"NUEVA ECIJA GOOD SAMARITAN HEALTH SYSTEM, INC. (EXT.)",2020-04-18 6:33:14,2020-04-18 6:33:14,2020-04-18,5,200,20,10,20,0,60,50,5
DOH000000000007483,279,IROSIN DISTRICT HOSPITAL,2020-04-17 13:47:09,2020-04-17 13:47:09,2020-04-17,5,0,0,0,0,0,5,25,3
DOH000000000005526,330,TOMAS-CACAL MEDICAL CLINIC & HOSPITAL,2020-04-17 14:52:16,2020-04-17 14:52:16,2020-04-17,5,0,5,2,0,0,5,0,0
DOH000000000000733,102,ROMUALDEZ-KATIKU COMMUNITY HOSP.,2020-04-17 10:10:41,2020-04-17 10:10:41,2020-04-17,5,300,100,15,0,0,5,0,1
DOH000000000005147,62,SEN. NINOY AQUINO MUN. HOSPITAL,2020-04-17 9:05:56,2020-04-17 9:05:56,2020-04-17,5,200,30,5,5,0,6,0,40
DOH000000000003939,580,MAITUM MUNICIPAL HOSPITAL,2020-04-17 19:49:47,2020-04-17 19:49:47,2020-04-17,5,1000,0,2,3,0,20,1000,0
DOH000000000037303,416,VIACRUCIS INFIRMARY,2020-04-17 15:42:40,2020-04-17 15:42:40,2020-04-17,5,400,0,5,10,0,25,100,4
DOH000000000000252,295,PANDAN DISTRICT HOSPITAL,2020-04-17 14:10:16,2020-04-17 14:10:16,2020-04-17,5,200,0,0,0,0,0,450,30
DOH000000000037752,449,MANUPAC DOCTORS HEALTHCARE,2020-04-17 15:58:28,2020-04-17 15:58:28,2020-04-17,6,10,0,3,1,0,30,0,0
DOH000000000003014,17,"OSPITAL NG KABATAAN NG DIPOLOG, INC",2020-04-17 7:54:36,2020-04-17 7:54:36,2020-04-17,6,50,15,1,5,0,15,0,0
DOH000000000003014,685,"OSPITAL NG KABATAAN NG DIPOLOG, INC",2020-04-19 8:52:36,2020-04-19 8:52:36,2020-04-19,6,60,15,1,5,0,15,0,0
DOH000000000003014,609,"OSPITAL NG KABATAAN NG DIPOLOG, INC",2020-04-18 7:59:24,2020-04-18 7:59:24,2020-04-18,6,50,15,1,5,0,15,0,0
DOH000000000001771,377,MADDELA DISTRICT HOSPITAL,2020-04-17 15:17:29,2020-04-17 15:17:29,2020-04-17,6,200,100,0,0,0,25,50,0
DOH000000000003441,367,DR. BONIFACIA V. ALBANO MEMORIAL HOSPITAL,2020-04-17 15:12:16,2020-04-17 15:12:16,2020-04-17,6,2000,50,4,0,0,10,0,0
DOH000000000000328,200,CLINICA ISAGUIRRE,2020-04-17 12:00:04,2020-04-17 12:00:04,2020-04-17,6,1,0,0,0,0,0,0,0
DOH000000000001955,434,MAGTABOG GENERAL HOSPITAL,2020-04-17 15:50:19,2020-04-17 15:50:19,2020-04-17,6,30,0,0,0,0,15,20,0
DOH000000000002406,224,DR. A.P ZANTUA MEMORIAL HOSPITAL,2020-04-17 12:42:55,2020-04-17 12:42:55,2020-04-17,7,100,3,3,2,0,14,100,14
DOH000000000006878,254,ESPERANZA MEDICARE COMMUNITY HOSPITAL,2020-04-17 13:23:51,2020-04-17 13:23:51,2020-04-17,7,600,30,10,1,0,40,250,60
DOH000000000001656,497,BUKIDNON PROVINCIAL HOSPITAL - KALILANGAN,2020-04-17 16:35:27,2020-04-17 16:35:27,2020-04-17,8,100,50,12,0,0,1,900,70
DOH000000000005419,128,"SULTAN KUDARAT MEDICAL SPECIALIST CENTER, INC.",2020-04-17 10:53:59,2020-04-17 10:53:59,2020-04-17,8,1400,84,10,21,0,28,100,37
DOH000000000002131,465,DVO. ORIENTAL PROV'L. HOSP-MANAY,2020-04-17 16:11:09,2020-04-17 16:11:09,2020-04-17,8,4500,20,3,3,0,32,45,8
DOH000000000005252,236,ABRA DE ILOG MUNICIPAL HOSPITAL,2020-04-17 13:01:54,2020-04-17 13:01:54,2020-04-17,8,2300,26,11,0,0,15,0,20
DOH000000000001930,333,LLORENTE MUNICIPAL HOSPITAL,2020-04-17 14:53:14,2020-04-17 14:53:14,2020-04-17,8,200,50,0,3,0,15,200,18
DOH000000000003778,159,CAMP EVANGELISTA STATION HOSPITAL,2020-04-17 11:22:31,2020-04-17 11:22:31,2020-04-17,8,2300,0,4,2,0,0,100,182
DOH000000000033472,531,ROVILLOS HOSPITAL,2020-04-17 17:13:37,2020-04-17 17:13:37,2020-04-17,8,150,0,0,6,0,20,150,20
DOH000000000023750,250,BALO-I PROVINCIAL HOSPITAL,2020-04-17 13:16:48,2020-04-17 13:16:48,2020-04-17,8,228,423,7,4,0,2,127,3
DOH000000000004696,27,BBCSS PEDIATRIC MEDICAL AND SURGICAL CLINIC,2020-04-17 8:14:43,2020-04-17 8:14:43,2020-04-17,8,4,0,2,4,0,8,60,0
DOH000000000000261,549,VIGA DISTRICT HOSPITAL,2020-04-17 17:46:25,2020-04-17 17:46:25,2020-04-17,9,300,0,2,8,0,15,122,55
DOH000000000003100,438,MATNOG MEDICARE COMMUNITY HOSPITAL,2020-04-17 15:53:22,2020-04-17 15:53:22,2020-04-17,9,100,9,0,9,0,76,600,25
DOH000000000000319,492,RICO'S HOSPITAL,2020-04-17 16:31:13,2020-04-17 16:31:13,2020-04-17,9,300,0,0,0,0,9,25,6
DOH000000000000669,615,MIDSAYAP DIAGNOSTIC CENTER AND HOSPITAL,2020-04-18 8:32:53,2020-04-18 8:32:53,2020-04-18,9,50,50,9,9,0,9,0,0
DOH000000000002831,99,HERAMIL HOSPITAL,2020-04-17 10:08:33,2020-04-17 10:08:33,2020-04-17,10,5000,100,10,10,0,100,150,0
DOH000000000005058,505,SALVADOR R. ENCINAS DISTRICT HOSPITAL,2020-04-17 16:39:03,2020-04-17 16:39:03,2020-04-17,10,250,14,0,14,0,4,1250,10
DOH000000000007712,345,UNAYAN MUNICIPAL HOSPITAL,2020-04-17 14:58:00,2020-04-17 14:58:00,2020-04-17,10,100,20,0,26,0,48,50,25
DOH000000000005925,346,CATIGBIAN DISTRICT HOSPITAL,2020-04-17 14:58:00,2020-04-17 14:58:00,2020-04-17,10,100,0,0,0,0,40,0,0
DOH000000000002848,87,DAVAO DEL NORTE HOSPITAL ( CARMEN ZONE),2020-04-17 9:46:14,2020-04-17 9:46:14,2020-04-17,10,0,0,10,10,0,20,2500,0
DOH000000000005641,263,DAVAO ORIENTAL PROV'L HOSP- GOV. GENEROSO,2020-04-17 13:33:13,2020-04-17 13:33:13,2020-04-17,10,50,0,10,10,0,100,200,10
DOH000000000002132,351,MANGATAREM DISTRICT HOSPITAL,2020-04-17 15:02:22,2020-04-17 15:02:22,2020-04-17,10,33,100,9,45,0,200,100,10
DOH000000000000552,262,GOD'S WILL MEDICAL HOSPITAL,2020-04-17 13:32:32,2020-04-17 13:32:32,2020-04-17,10,14,400,2,0,0,40,18,5
DOH000000000007733,684,PANAMAO DISTRICT HOSPITAL,2020-04-19 8:37:11,2020-04-19 8:37:11,2020-04-19,10,50,10,0,15,0,80,50,10
DOH000000000001506,107,CABADBARAN DISTRICT HOSPITAL,2020-04-17 10:19:57,2020-04-17 10:19:57,2020-04-17,10,200,40,0,10,0,40,50,20
DOH000000000005416,4,JOSEFINA BELMONTE DURAN MEMORIAL DISTRICT HOSPITAL,2020-04-17 6:17:43,2020-04-17 6:17:43,2020-04-17,10,1500,0,0,0,0,100,115,0
DOH000000000000658,101,BUKIDNON PROVINCIAL HOSPITAL - TALAKAG,2020-04-17 10:10:34,2020-04-17 10:10:34,2020-04-17,10,100,100,0,0,0,15,300,0
DOH000000000013109,226,"SAN LORENZO HOSPITAL HEALTH MANAGEMENT COMPANY, INC.",2020-04-17 12:46:39,2020-04-17 12:46:39,2020-04-17,10,220,69,3,0,0,30,30,0
DOH000000000005018,419,R.O. DIAGAN COOPERATIVE HOSPITAL,2020-04-17 15:43:51,2020-04-17 15:43:51,2020-04-17,10,100,1000,5,5,0,20,400,50
DOH000000000007028,84,JESUS THE GOOD SHEPHERD HOSPITAL,2020-04-17 9:43:21,2020-04-17 9:43:21,2020-04-17,10,1,5,3,5,0,3,2,0
DOH000000000002853,690,TUDELA MUNICIPAL HOSPITAL,2020-04-19 11:09:09,2020-04-19 11:09:09,2020-04-19,10,0,50,0,0,0,20,50,0
DOH000000000007733,616,PANAMAO DISTRICT HOSPITAL,2020-04-18 8:33:10,2020-04-18 8:33:10,2020-04-18,10,50,10,0,15,0,80,50,10
DOH000000000004957,613,OLUTANGA MUNICIPAL HOSPITAL,2020-04-18 8:17:24,2020-04-18 8:17:24,2020-04-18,10,10,500,0,0,0,10,200,0
DOH000000000005694,645,ILOCOS SUR COOPERATIVE MEDICAL MISSION GROUP AND HOSPITAL,2020-04-18 12:29:30,2020-04-18 12:29:30,2020-04-18,10,250,250,2,0,0,23,250,0
DOH000000000000313,695,DUMLAO HOSPITAL,2020-04-19 15:08:18,2020-04-19 15:08:18,2020-04-19,10,20,10,3,10,0,15,5,5
DOH000000000003808,13,"BRENT HOSPITAL AND COLLEGES, INC.",2020-04-17 7:37:09,2020-04-17 7:37:09,2020-04-17,10,30,50,4,3,0,100,0,0
DOH000000000004076,311,"ADVENTIST HOSPITAL-DAVAO, INC.",2020-04-17 14:29:11,2020-04-17 14:29:11,2020-04-17,266,542,135,49,0,0,114,106,998
DOH000000000004632,678,DEIPARINE COMMUNITY HOSPITAL,2020-04-18 19:55:43,2020-04-18 19:55:43,2020-04-18,11,2500,200,9,2,0,16,98,20
DOH000000000002483,140,LIPUNAN HOSPITAL,2020-04-17 11:05:44,2020-04-17 11:05:44,2020-04-17,12,3,58,2,0,0,38,5,0
DOH000000000002191,196,DIVINE MERCY FOUNDATION OF URDANETA HOSPITAL,2020-04-17 11:56:34,2020-04-17 11:56:34,2020-04-17,12,1000,800,5,0,0,26,100,10
DOH000000000032446,682,OUR LADY OF LOURDES INFIRMARY,2020-04-19 8:06:36,2020-04-19 8:06:36,2020-04-19,14,690,190,0,14,0,6,30,0
DOH000000000002462,462,SIPOCOT DISTRICT HOSPITAL,2020-04-17 16:06:43,2020-04-17 16:06:43,2020-04-17,15,1100,200,30,10,0,150,300,40
DOH000000000000644,686,MANUEL HOSPITAL,2020-04-19 8:56:13,2020-04-19 8:56:13,2020-04-19,15,100,15,15,15,0,15,0,20
DOH000000000007032,450,SUERO GENERAL HOSPITAL,2020-04-17 15:58:51,2020-04-17 15:58:51,2020-04-17,15,50,50,0,0,0,10,50,10
DOH000000000000240,33,ZAPANTA GENERAL HOSPITAL,2020-04-17 8:20:40,2020-04-17 8:20:40,2020-04-17,15,100,0,0,0,0,20,70,20
DOH000000000004628,380,ROSARIO DISTRICT HOSPITAL,2020-04-17 15:20:37,2020-04-17 15:20:37,2020-04-17,15,2300,100,0,6,0,88,250,24
DOH000000000032446,607,OUR LADY OF LOURDES INFIRMARY,2020-04-18 7:33:05,2020-04-18 7:33:05,2020-04-18,16,698,196,0,18,0,7,36,0
DOH000000000005940,37,DIFFUN DISTRICT HOSPITAL,2020-04-17 8:25:11,2020-04-17 8:25:11,2020-04-17,17,50,50,17,0,0,0,50,17
DOH000000000000359,381,RESONABLE HOSPITAL,2020-04-17 15:21:37,2020-04-17 15:21:37,2020-04-17,18,1000,1000,15,55,0,30,850,40
DOH000000000000402,141,AGO GENERAL HOSPITAL,2020-04-17 11:06:13,2020-04-17 11:06:13,2020-04-17,18,300,50,0,29,0,23,50,0
DOH000000000000645,173,MARAAT MEDICAL HOSPITAL,2020-04-17 11:33:13,2020-04-17 11:33:13,2020-04-17,18,1500,0,0,0,0,3,0,0
DOH000000000004475,508,"SAN LORENZO HOSPITAL HEALTH MANAGEMENT CO., INC.",2020-04-17 16:41:49,2020-04-17 16:41:49,2020-04-17,18,150,81,0,0,0,210,50,0
DOH000000000037488,510,DAET DOCTORS HOSPITAL INCORPORATED,2020-04-17 16:42:26,2020-04-17 16:42:26,2020-04-17,18,7800,400,10,0,0,80,207,100
DOH000000000003385,76,"BUTUAN PUERICULTURE CENTER NO. 394, INC.",2020-04-17 9:36:45,2020-04-17 9:36:45,2020-04-17,18,3,200,3,0,0,25,6,0
DOH000000000003065,58,NARRA MUNICIPAL HOSPITAL,2020-04-17 8:54:34,2020-04-17 8:54:34,2020-04-17,19,12540,25,0,30,0,75,6300,150
DOH000000000006493,674,Eversley Childs Sanitarium,2020-04-18 18:30:15,2020-04-18 18:30:15,2020-04-18,20,400,160,20,0,0,25,300,20
DOH000000000005179,500,TUAO DISTRICT HOSPITAL,2020-04-17 16:35:39,2020-04-17 16:35:39,2020-04-17,20,300,30,5,10,0,50,50,40
DOH000000000038008,86,SALUBRIS INC.,2020-04-17 9:45:18,2020-04-17 9:45:18,2020-04-17,20,1000,1500,30,30,0,100,200,0
DOH000000000003818,526,DUPAX DISTRICT HOSPITAL,2020-04-17 17:04:58,2020-04-17 17:04:58,2020-04-17,20,100,20,20,20,0,25,0,0
DOH000000000002255,306,AGOO MEDICAL CLINIC,2020-04-17 14:24:10,2020-04-17 14:24:10,2020-04-17,20,300,16,0,5,0,50,0,0
DOH000000000005614,41,"ILOILO MISSION HOSPITAL, INC.",2020-04-17 8:30:08,2020-04-17 8:30:08,2020-04-17,20,1000,20,0,104,0,87,0,100
DOH000000000005204,307,MARIHATAG DISTRICT HOSPITAL,2020-04-17 14:25:30,2020-04-17 14:25:30,2020-04-17,20,0,0,3,50,0,15,2,0
DOH000000000002452,664,LILOY INTEGRATED HEALTH DISTRICT HOSPITAL,2020-04-18 16:19:45,2020-04-18 16:19:45,2020-04-18,20,50,50,5,5,0,20,100,5
DOH000000000004340,57,DON CARLOS DOCTORS HOSPITAL,2020-04-17 8:53:41,2020-04-17 8:53:41,2020-04-17,20,200,400,5,5,0,15,100,10
DOH000000000004185,653,CONG. LAMBERTO L. MACIAS MEMORIAL HOSPITAL,2020-04-18 13:48:00,2020-04-18 13:48:00,2020-04-18,20,2000,150,10,20,0,50,150,50
DOH000000000001657,46,BUKIDNON PROVINCIAL HOSPITAL - MALITBOG,2020-04-17 8:33:48,2020-04-17 8:33:48,2020-04-17,20,4500,50,7,0,0,0,2800,0
DOH000000000002262,396,"CALLANG GENERAL HOSPITAL AND MEDICAL CENTER, INC.",2020-04-17 15:33:10,2020-04-17 15:33:10,2020-04-17,20,30000,2500,15,0,0,0,0,45
DOH000000000037947,404,"DIOCESAN MEDICAL FOUNDATION OF SAN ANTONIO DE PADUA, INC.",2020-04-17 15:38:18,2020-04-17 15:38:18,2020-04-17,20,1000,20,5,10,0,20,200,0
DOH000000000037004,257,MALANGAS EMERGENCY INFIRMARY,2020-04-17 13:26:54,2020-04-17 13:26:54,2020-04-17,20,1000,250,7,10,0,20,45,10
DOH000000000002910,219,ZAMBOANGA SIBUGAY PROVINCIAL HOSPITAL,2020-04-17 12:35:53,2020-04-17 12:35:53,2020-04-17,21,400,5,0,0,0,0,500,27
DOH000000000000343,300,PIRA HOSPITAL,2020-04-17 14:17:33,2020-04-17 14:17:33,2020-04-17,21,600,300,0,0,0,62,310,21
DOH000000000007512,402,"CAGAYAN DE ORO POLYMEDIC GENERAL HOSPITAL, INC.",2020-04-17 15:37:08,2020-04-17 15:37:08,2020-04-17,22,100,50,10,0,0,30,70,4
DOH000000000004472,239,CHILDREN'S MEDICAL CLINIC,2020-04-17 13:06:47,2020-04-17 13:06:47,2020-04-17,23,80,21,11,70,0,20,100,10
DOH000000000002819,36,POZORRUBIO COMMUNITY HOSPITAL,2020-04-17 8:25:00,2020-04-17 8:25:00,2020-04-17,25,250,0,0,10,0,113,1056,0
DOH000000000000340,513,"CUISON HOSPITAL, INC.",2020-04-17 16:48:32,2020-04-17 16:48:32,2020-04-17,25,700,400,0,29,0,45,100,16
DOH000000000000404,397,"ANTIPAS MEDICAL SPECIALIST HOSPITAL, INC.",2020-04-17 15:33:32,2020-04-17 15:33:32,2020-04-17,26,130,400,5,0,0,8,22000,20
DOH000000000005964,369,DIVINE WORD HOSPITAL,2020-04-17 15:12:35,2020-04-17 15:12:35,2020-04-17,27,330,56,5,0,0,15,30,0
DOH000000000000230,517,LASAM DISTRICT HOSPITAL,2020-04-17 16:53:29,2020-04-17 16:53:29,2020-04-17,30,250,30,25,0,0,25,250,30
DOH000000000036847,444,ST. JUDE HOSPITAL,2020-04-17 15:55:00,2020-04-17 15:55:00,2020-04-17,30,200,30,10,12,0,30,300,20
DOH000000000005202,395,CAMIGUIN GENERAL HOSPITAL,2020-04-17 15:32:46,2020-04-17 15:32:46,2020-04-17,30,100,0,30,3,0,20,100,30
DOH000000000003553,523,PALAWAN BAPTIST HOSPITAL,2020-04-17 17:01:11,2020-04-17 17:01:11,2020-04-17,30,1000,30,2,10,0,30,250,20
DOH000000000023817,103,CARAMORAN MUNICIPAL HOSPITAL,2020-04-17 10:15:23,2020-04-17 10:15:23,2020-04-17,30,649,17,4,7,0,30,156,53
DOH000000000005224,112,TADECO HOSPITAL,2020-04-17 10:25:58,2020-04-17 10:25:58,2020-04-17,32,880,140,0,0,0,50,1814,0
DOH000000000003199,448,BACNOTAN DISTRICT HOSPITAL,2020-04-17 15:58:12,2020-04-17 15:58:12,2020-04-17,34,400,300,6,45,0,32,440,44
DOH000000000004959,34,MAYOR JOAQUIN MACIAS MEMORIAL INFIRMARY,2020-04-17 8:22:37,2020-04-17 8:22:37,2020-04-17,35,100,75,35,0,0,35,20,0
DOH000000000004631,223,BLESSED FAMILY DOCTORS GENERAL HOSPITAL,2020-04-17 12:42:28,2020-04-17 12:42:28,2020-04-17,35,200,500,15,0,0,100,300,100
DOH000000000001377,504,STA. ANA COMMUNITY HOSPITAL,2020-04-17 16:38:54,2020-04-17 16:38:54,2020-04-17,35,200,100,35,2,0,19,900,280
DOH000000000006029,260,M. SIMON HOSPITAL & PHARMACY,2020-04-17 13:30:39,2020-04-17 13:30:39,2020-04-17,40,1000,100,0,0,0,100,150,0
DOH000000000002819,617,POZORRUBIO COMMUNITY HOSPITAL,2020-04-18 8:37:51,2020-04-18 8:37:51,2020-04-18,40,500,0,5,10,0,113,1456,0
DOH000000000005085,554,ST. CATHERINE OF ALEXANDRIA FOUNDATION & MEDICAL CENTER,2020-04-17 18:07:31,2020-04-17 18:07:31,2020-04-17,40,200,200,50,50,0,100,200,200
DOH000000000000398,267,BISHOP JOSEPH REGAN MEMORIAL HOSPITAL (formerly CHRIST THE K,2020-04-17 13:34:42,2020-04-17 13:34:42,2020-04-17,43,78500,38000,9,58,0,200,30150,13
DOH000000000003315,358,ABELLA MIDWAY HOSPITAL,2020-04-17 15:06:17,2020-04-17 15:06:17,2020-04-17,45,1800,2500,2,5,0,35,1500,200
DOH000000000023764,276,"C.D.O. POLYMEDIC MEDICAL PLAZA, INC.",2020-04-17 13:42:44,2020-04-17 13:42:44,2020-04-17,50,15000,7000,10,33,0,24,450,22
DOH000000000000722,163,"DO?A REMEDIOS TRINIDAD-ROMUALDEZ MEDICAL FOUNDATION, INC. (f",2020-04-17 11:24:55,2020-04-17 11:24:55,2020-04-17,50,5000,200,20,50,0,40,300,50
DOH000000000032086,578,SKYLINE HOSPITAL AND MEDICAL CENTER,2020-04-17 19:47:08,2020-04-17 19:47:08,2020-04-17,50,400,50,6,0,0,0,3600,8
DOH000000000035565,314,"APAYAO CAGAYAN MEDICAL CENTER, INC.",2020-04-17 14:38:27,2020-04-17 14:38:27,2020-04-17,50,5,30,0,0,0,25,250,0
DOH000000000002691,32,ORMOC DISTRICT HOSPITAL,2020-04-17 8:17:47,2020-04-17 8:17:47,2020-04-17,50,0,0,0,0,0,25,0,0
DOH000000000000525,692,DR. GREGORIO B. TAN MEMORIAL HOSPITAL,2020-04-19 13:25:56,2020-04-19 13:25:56,2020-04-19,50,0,0,0,0,0,15,0,142
DOH000000000000265,70,URDANETA DISTRICT HOSPITAL,2020-04-17 9:30:05,2020-04-17 9:30:05,2020-04-17,56,2000,300,249,25,0,150,500,5
DOH000000000004757,522,"PREMIERE GENERAL HOSPITAL OF NUEVA ECIJA, BALER AURORA, INC.",2020-04-17 16:58:45,2020-04-17 16:58:45,2020-04-17,58,20670,2920,14,170,0,2,1350,0
DOH000000000003620,83,SORSOGON MEDICAL MISSION GROUP HOSPITAL AND HEALTH SERVICES,2020-04-17 9:42:57,2020-04-17 9:42:57,2020-04-17,320,66500,4600,0,27,0,84,9300,1600
DOH000000000027955,410,"METRO DAVAO MEDICAL AND RESEARCH CENTER, INC.",2020-04-17 15:39:59,2020-04-17 15:39:59,2020-04-17,70,950,100,50,110,0,150,500,250
DOH000000000030187,181,SAN MATEO INTEGRATED COMMUNITY HOSPITAL,2020-04-17 11:38:09,2020-04-17 11:38:09,2020-04-17,73,100,100,0,0,0,60,60,0
DOH000000000000630,297,MADONNA AND CHILD HOSPITAL,2020-04-17 14:15:15,2020-04-17 14:15:15,2020-04-17,76,8200,918,83,75,0,240,3024,58
DOH000000000004581,657,IMMACULATE CONCEPTION HEALTH CENTER,2020-04-18 14:07:51,2020-04-18 14:07:51,2020-04-18,77,5200,250,5,12,0,89,950,0
DOH000000000000714,673,PHILIPPINE HEART CENTER,2020-04-18 18:23:49,2020-04-18 18:23:49,2020-04-18,80,4000,0,0,0,0,0,1919,1730
DOH000000000004427,567,SOCOMEDICS MEDICAL CENTER,2020-04-17 18:55:42,2020-04-17 18:55:42,2020-04-17,80,29400,0,6,32,0,125,1380,17
DOH000000000005469,667,SULU SANITARIUM,2020-04-18 16:41:01,2020-04-18 16:41:01,2020-04-18,83,2675,0,17,131,0,89,4000,955
DOH000000000023616,244,"MEYCAUAYAN DOCTORS HOSPITAL AND MEDICAL CENTER, INC.",2020-04-17 13:10:40,2020-04-17 13:10:40,2020-04-17,87,32000,1006,159,15,0,100,6100,106
DOH000000000000023,493,BANGUI DISTRICT HOSPITAL,2020-04-17 16:33:24,2020-04-17 16:33:24,2020-04-17,90,500,0,2,40,0,0,100,15
DOH000000000002993,171,"ANDA RIVERVIEW MEDICAL CENTER, INC.",2020-04-17 11:31:40,2020-04-17 11:31:40,2020-04-17,103,600,50,10,10,0,247,4300,20
DOH000000000000768,515,"ST. JUDE GENERAL HOSPITAL & MEDICAL CENTER, INC.",2020-04-17 16:51:20,2020-04-17 16:51:20,2020-04-17,116,200,0,58,20,0,217,380,189
DOH000000000003468,675,CAMP LUKBAN STATION HOSPITAL,2020-04-18 18:32:38,2020-04-18 18:32:38,2020-04-18,385,20,0,14,0,0,28,350,177
DOH000000000003141,668,WEST METRO MEDICAL CENTER,2020-04-18 16:42:52,2020-04-18 16:42:52,2020-04-18,190,11400,8600,50,16,0,15,2250,24
DOH000000000002749,298,ORIENTAL MINDORO PROVINCIAL HOSPITAL,2020-04-17 14:15:31,2020-04-17 14:15:31,2020-04-17,200,200,500,50,300,0,500,500,300
DOH000000000000789,638,MISAMIS ORIENTAL PROVINCIAL HOSPITAL - TALISAYAN,2020-04-18 11:47:06,2020-04-18 11:47:06,2020-04-18,980,59103,7272,456,907,0,2053,21332,1272
DOH000000000036845,108,ST. SCHOLASTICA'S HOSPITAL,2020-04-17 10:21:10,2020-04-17 10:21:10,2020-04-17,500,1100,75,0,0,0,43,0,50
DOH000000000002767,366,RILLERA MEDICAL HOSPITAL,2020-04-17 15:11:01,2020-04-17 15:11:01,2020-04-17,1,30,1,1,1,1,3,50,1
DOH000000000003378,185,MAHAYAG DISTRICT HOSPITAL,2020-04-17 11:41:05,2020-04-17 11:41:05,2020-04-17,1,0,1,1,0,1,25,0,0
DOH000000000000548,82,FAMILY MEDICAL CLINIC,2020-04-17 9:42:44,2020-04-17 9:42:44,2020-04-17,1,100,30,1,2,1,12,60,1
DOH000000000004692,633,NEW BULAN ST. JUDE MEDICAL CLINIC,2020-04-18 10:38:56,2020-04-18 10:38:56,2020-04-18,1,100,1,1,1,1,1,24,1
DOH000000000007710,215,IPIL DOCTOR'S HOSPITAL,2020-04-17 12:26:06,2020-04-17 12:26:06,2020-04-17,3,100,100,1,0,1,5,0,0
DOH000000000005970,405,GRACE MISSION HOSPITAL,2020-04-17 15:38:41,2020-04-17 15:38:41,2020-04-17,8,500,50,9,12,1,30,350,17
DOH000000000000338,19,VIACRUCIS MEDICAL HOSPITAL,2020-04-17 8:00:39,2020-04-17 8:00:39,2020-04-17,10,500,3,5,20,1,50,0,5
DOH000000000006576,552,SALUG VALLEY MEDICAL CENTER,2020-04-17 18:06:16,2020-04-17 18:06:16,2020-04-17,10,150,20,2,0,1,2,100,0
DOH000000000005962,14,RETUERMA GENERAL HOSPITAL,2020-04-17 7:38:33,2020-04-17 7:38:33,2020-04-17,0,400,0,6,0,2,18,40,20
DOH000000000038004,392,FCC INFIRMARY,2020-04-17 15:32:10,2020-04-17 15:32:10,2020-04-17,2,100,2,0,2,2,2,50,10
DOH000000000002850,225,ALAMADA PROVINCIAL COMMUNITY HOSP.,2020-04-17 12:45:16,2020-04-17 12:45:16,2020-04-17,2,0,0,2,10,2,10,3,2
DOH000000000003380,420,PUERTO COMMUNITY HOSPITAL,2020-04-17 15:44:10,2020-04-17 15:44:10,2020-04-17,2,100,35,2,0,2,25,0,0
DOH000000000027779,93,SIBUCO MUNICIPAL HOSPITAL,2020-04-17 9:55:30,2020-04-17 9:55:30,2020-04-17,2,12,2,2,2,2,2,15,6
DOH000000000000395,596,BLANCIA HOSPITAL,2020-04-17 22:10:10,2020-04-17 22:10:10,2020-04-17,2,2,2,2,2,2,2,2,2
DOH000000000005446,133,PATHFINDER ESTATE HOSPITAL,2020-04-17 10:58:01,2020-04-17 10:58:01,2020-04-17,2,100,4,3,0,2,10,0,4
DOH000000000000450,167,MISAMIS ORIENTAL PROVINCIAL HOSPITAL - CLAVERIA,2020-04-17 11:28:56,2020-04-17 11:28:56,2020-04-17,2,2400,700,5,3,2,26,50,40
DOH000000000000562,61,BUENAVISTA EMERGENCY HOSPITAL,2020-04-17 8:56:03,2020-04-17 8:56:03,2020-04-17,2,100,5,2,2,2,0,50,2
DOH000000000003317,43,DANAO-SALE HOSPITAL,2020-04-17 8:32:41,2020-04-17 8:32:41,2020-04-17,3,5,10,3,2,2,6,4,10
DOH000000000006588,400,"SABAL HOSPITAL, INC.",2020-04-17 15:36:33,2020-04-17 15:36:33,2020-04-17,4,300,20,2,4,2,30,150,10
DOH000000000032062,414,BUMANGLAG SPECIALTY HOSPITAL,2020-04-17 15:41:53,2020-04-17 15:41:53,2020-04-17,10,100,6,0,2,2,20,100,75
DOH000000000035954,544,HOLY CHILD MEDICAL CITY INC.,2020-04-17 17:40:01,2020-04-17 17:40:01,2020-04-17,10,200,15,2,10,2,4,20,5
DOH000000000004395,660,ALABANG MEDICAL CLINIC - LAS PIÃ‘AS BRANCH,2020-04-18 14:44:03,2020-04-18 14:44:03,2020-04-18,10,10,2,4,10,2,15,12,2
DOH000000000003131,266,PACUAN COMMUNITY PRIMARY HOSPITAL,2020-04-17 13:34:36,2020-04-17 13:34:36,2020-04-17,15,100,10,2,1,2,20,100,20
DOH000000000002825,626,TARANGNAN COMMUNITY HOSPITAL,2020-04-18 9:20:51,2020-04-18 9:20:51,2020-04-18,20,50,20,0,10,2,15,50,20
DOH000000000006720,583,A.M. YUMENA GENERAL HOSPITAL INC.,2020-04-17 20:12:48,2020-04-17 20:12:48,2020-04-17,26,200,57,33,0,2,33,200,0
DOH000000000005045,97,DELFIN ALBANO COMMUNITY HOSPITAL,2020-04-17 10:01:55,2020-04-17 10:01:55,2020-04-17,50,500,60,3,0,2,30,100,0
DOH000000000002974,353,ARAKAN VALLEY DISTRICT HOSPITAL,2020-04-17 15:03:13,2020-04-17 15:03:13,2020-04-17,50,500,0,2,2,2,0,1400,0
DOH000000000000488,252,DR. ALBERTO M. PASTOR HOSPITAL,2020-04-17 13:17:55,2020-04-17 13:17:55,2020-04-17,2,100,40,0,0,3,5,20,0
DOH000000000032445,317,BARRIOS-BUSINOS MEDICAL CLINIC AND HOSPITAL,2020-04-17 14:42:03,2020-04-17 14:42:03,2020-04-17,3,3,3,3,3,3,3,3,3
DOH000000000003831,60,CATAINGAN DISTRICT HOSPITAL,2020-04-17 8:56:03,2020-04-17 8:56:03,2020-04-17,3,1000,3,3,3,3,15,100,20
DOH000000000000337,132,URDUJA GENERAL HOSPITAL,2020-04-17 10:57:47,2020-04-17 10:57:47,2020-04-17,3,3,3,3,3,3,6,3,3
DOH000000000005014,344,ZAPANTA MATERNITY & GENERAL HOSPITAL,2020-04-17 14:57:31,2020-04-17 14:57:31,2020-04-17,3,50,3,3,3,3,12,50,0
DOH000000000003863,15,CAGRARAY DISTRICT HOSPITAL,2020-04-17 7:40:01,2020-04-17 7:40:01,2020-04-17,3,20,3,3,3,3,9,100,20
DOH000000000007479,374,BOLINAO COMMUNITY HOSPITAL,2020-04-17 15:16:23,2020-04-17 15:16:23,2020-04-17,5,800,3,0,3,3,20,1120,0
DOH000000000000582,234,JESUS IMMACULATE CONCEPCION HOSPITAL,2020-04-17 12:54:11,2020-04-17 12:54:11,2020-04-17,5,100,20,2,10,3,20,50,10
DOH000000000003928,183,LIANGA DISTRICT HOSPITAL,2020-04-17 11:39:52,2020-04-17 11:39:52,2020-04-17,8,200,8,8,5,3,25,50,20
DOH000000000003297,473,DR. ANTONIO A. RANADA CLINIC AND LYING-IN HOSPITAL,2020-04-17 16:14:30,2020-04-17 16:14:30,2020-04-17,10,100,3,10,15,3,100,300,0
DOH000000000006015,467,DR. ROGELIO M. GARCIA MEMORIAL HOSPITAL,2020-04-17 16:11:40,2020-04-17 16:11:40,2020-04-17,12,50,50,3,0,3,20,100,2
DOH000000000007014,286,"STA. MARIA VILLAGE HOSPITAL, INC.",2020-04-17 13:56:50,2020-04-17 13:56:50,2020-04-17,20,500,15,15,0,3,40,100,0
DOH000000000002597,541,"ST. JOHN GENERAL HOSPITAL OF BUUG, INC.",2020-04-17 17:28:20,2020-04-17 17:28:20,2020-04-17,20,600,200,18,0,3,20,100,34
DOH000000000004608,365,BERACHAH MEDICAL CLINIC,2020-04-17 15:10:38,2020-04-17 15:10:38,2020-04-17,6,100,100,4,5,4,10,300,20
DOH000000000000677,370,MEDICAL MISSION GROUP HOSPITAL AND HEALTH SERVICES COOPERATI,2020-04-17 15:13:00,2020-04-17 15:13:00,2020-04-17,8,100,40,0,0,4,40,0,0
DOH000000000002713,506,PALUAN COMMUNITY HOSPITAL,2020-04-17 16:41:12,2020-04-17 16:41:12,2020-04-17,10,1500,15,10,0,4,40,1500,30
DOH000000000002163,534,PANTALEON G. GOTLADERA MEMORIAL HOSPITAL,2020-04-17 17:17:04,2020-04-17 17:17:04,2020-04-17,20,500,44,44,24,4,54,750,14
DOH000000000007019,154,SIOCON DISTRICT HOSPITAL,2020-04-17 11:19:44,2020-04-17 11:19:44,2020-04-17,25,100,4,4,25,4,25,100,18
DOH000000000004186,213,TEODORO B. GALAGAR DISTRICT HOSPITAL,2020-04-17 12:18:54,2020-04-17 12:18:54,2020-04-17,60,23100,3453,2,100,4,105,3100,90
DOH000000000004576,605,VICENTE L. PERALTA MEMORIAL DISTRICT HOSPITAL,2020-04-18 7:03:05,2020-04-18 7:03:05,2020-04-18,0,20,0,0,20,5,20,0,0
DOH000000000004075,362,CORPUZ CLINIC AND HOSPITAL,2020-04-17 15:09:16,2020-04-17 15:09:16,2020-04-17,3,572,300,2,0,5,3,350,5
DOH000000000005379,158,PIEDAD MEDICAL CLINIC,2020-04-17 11:21:21,2020-04-17 11:21:21,2020-04-17,4,100,10,6,4,5,5,50,10
DOH000000000003674,186,MARANDING COMMUNITY HOSPITAL,2020-04-17 11:42:56,2020-04-17 11:42:56,2020-04-17,5,100,10,10,5,5,20,30,8
DOH000000000004575,406,GIGMOTO DISTRICT HOSPITAL,2020-04-17 15:38:43,2020-04-17 15:38:43,2020-04-17,5,100,5,5,5,5,30,200,15
DOH000000000003408,22,MOISES R. ESPINOSA SR. MEMORIAL MUNICIPAL HOSPITAL,2020-04-17 8:04:14,2020-04-17 8:04:14,2020-04-17,5,50,5,5,5,5,5,50,5
DOH000000000007510,442,Mindanao Central Sanitarium,2020-04-17 15:54:41,2020-04-17 15:54:41,2020-04-17,5,7000,1100,11,25,5,48,6000,78
DOH000000000002129,53,CLAVERIA DISTRICT HOSPITAL,2020-04-17 8:45:32,2020-04-17 8:45:32,2020-04-17,5,5,5,5,5,5,5,5,5
DOH000000000005265,206,"QUIJANO CLINIC AND HOSPITAL, INC.",2020-04-17 12:06:43,2020-04-17 12:06:43,2020-04-17,5,100,100,5,3,5,50,20,10
DOH000000000005162,110,AROROY MUNICIPAL HOSPITAL,2020-04-17 10:25:02,2020-04-17 10:25:02,2020-04-17,5,100,5,5,5,5,6,150,5
DOH000000000004804,464,TANHO MEDICAL CLINIC,2020-04-17 16:07:36,2020-04-17 16:07:36,2020-04-17,10,100,50,10,6,5,10,50,20
DOH000000000037944,433,F.P. URBIZTONDO MEDICAL HOSPITAL INC.,2020-04-17 15:50:12,2020-04-17 15:50:12,2020-04-17,10,8,30,0,0,5,20,0,0
DOH000000000007972,677,AISAH MEDICAL HOSPITAL,2020-04-18 19:40:38,2020-04-18 19:40:38,2020-04-18,10,50,5,5,5,5,5,0,5
DOH000000000002332,441,DE LOS REYES MEDICAL CLINIC,2020-04-17 15:54:27,2020-04-17 15:54:27,2020-04-17,12,57,95,3,10,5,30,46,10
DOH000000000004592,603,ZAMBOANGA PUERICULTURE CENTER MATERNITY LYING-IN HOSPITAL,2020-04-18 6:38:58,2020-04-18 6:38:58,2020-04-18,12,100,200,10,10,5,30,200,10
DOH000000000004924,138,ST. MAGDALENE HOSPITAL,2020-04-17 11:02:24,2020-04-17 11:02:24,2020-04-17,16,50,5,2,3,5,13,50,0
DOH000000000000426,588,Basilan General Hospital,2020-04-17 21:08:43,2020-04-17 21:08:43,2020-04-17,17,700,7,24,131,5,93,1000,500
DOH000000000004818,147,ESTHER HOSPITAL,2020-04-17 11:13:29,2020-04-17 11:13:29,2020-04-17,30,100,20,10,5,5,45,20,10
DOH000000000000239,119,CAWAYAN MUNICIPAL HOSPITAL,2020-04-17 10:37:11,2020-04-17 10:37:11,2020-04-17,37,300,60,5,5,5,32,80,6
DOH000000000003421,315,CENTRAL MINDANAO UNIVERSITY HOSPITAL,2020-04-17 14:38:27,2020-04-17 14:38:27,2020-04-17,0,2700,0,0,12,6,18,850,0
DOH000000000030050,637,BAGGAO DISTRICT HOSPITAL,2020-04-18 11:42:36,2020-04-18 11:42:36,2020-04-18,0,10,0,0,5,6,0,50,10
DOH000000000001898,426,AGLIPAY DISTRICT HOSPITAL,2020-04-17 15:45:47,2020-04-17 15:45:47,2020-04-17,4,300,6,20,54,6,16,46,40
DOH000000000007711,78,LANCETA MEDICAL HOSPITAL,2020-04-17 9:37:57,2020-04-17 9:37:57,2020-04-17,4,50,6,10,6,6,6,40,4
DOH000000000033471,471,"SAN MATEO MULTICARE HOSPITAL, INC.",2020-04-17 16:12:54,2020-04-17 16:12:54,2020-04-17,6,4200,0,40,0,6,50,400,0
DOH000000000000354,44,ERNESTOGUADALUPECOMM.HOSPITAL,2020-04-17 8:33:07,2020-04-17 8:33:07,2020-04-17,6,6,6,6,6,6,6,6,6
DOH000000000001819,385,NORTHERN PALAWAN PROVINCIAL HOSPITAL,2020-04-17 15:27:54,2020-04-17 15:27:54,2020-04-17,7,300,6,30,51,6,15,46,40
DOH000000000007505,247,CLINICA OZARAGA DOCTORS HOSPITAL,2020-04-17 13:14:37,2020-04-17 13:14:37,2020-04-17,12,2000,200,15,2,6,30,500,30
DOH000000000000767,164,ST. JOSEPH SOUTHERN BUKIDNON HOSPITAL,2020-04-17 11:26:22,2020-04-17 11:26:22,2020-04-17,12,250,14,8,13,6,50,250,10
DOH000000000000748,551,SINDANGAN DISTRICT HOSPITAL,2020-04-17 18:00:35,2020-04-17 18:00:35,2020-04-17,12,30,6,6,4,6,6,90,4
DOH000000000003555,203,SPECIALIST GROUP HOSPITAL AND TRAUMA CENTER,2020-04-17 12:02:00,2020-04-17 12:02:00,2020-04-17,20,1000,6,6,18,6,50,1000,50
DOH000000000005359,26,HOWARD HUBBARD MEMORIAL HOSPITAL,2020-04-17 8:14:21,2020-04-17 8:14:21,2020-04-17,45,10500,5600,40,29,6,130,1400,35
DOH000000000005566,209,"PLTC, INC. LUIS A. TIAM MEDICAL CENTER",2020-04-17 12:15:56,2020-04-17 12:15:56,2020-04-17,50,100,100,0,50,6,100,100,25
DOH000000000002490,502,AMOROSO MEDICAL CLINIC,2020-04-17 16:36:06,2020-04-17 16:36:06,2020-04-17,2,100,100,7,0,7,7,0,2
DOH000000000004052,230,ITBAYAT DISTRICT HOSPITAL,2020-04-17 12:49:29,2020-04-17 12:49:29,2020-04-17,5,1300,389,5,10,7,44,900,240
DOH000000000030122,273,STO. CRISTO MILAGROSO HOSPITAL,2020-04-17 13:42:23,2020-04-17 13:42:23,2020-04-17,10,100,100,7,10,7,15,100,7
DOH000000000003374,383,WESTERN PANGASINAN DISTRICT HOSPITAL,2020-04-17 15:25:03,2020-04-17 15:25:03,2020-04-17,14,200,100,12,14,7,20,100,0
DOH000000000000642,205,"MALAYBALAY POLYMEDIC GENERAL HOSPITAL, INC.",2020-04-17 12:04:47,2020-04-17 12:04:47,2020-04-17,40,14000,2135,14,33,7,115,304,11
DOH000000000007488,287,DAVAO ORIENTAL PROVINCIAL MEDICAL CENTER,2020-04-17 13:56:58,2020-04-17 13:56:58,2020-04-17,48,21800,9905,177,4,7,313,31991,235
DOH000000000004558,398,"SOMOSO GENERAL HOSPITAL, INC.",2020-04-17 15:33:58,2020-04-17 15:33:58,2020-04-17,0,50,0,2,0,10,2,50,5
DOH000000000004790,268,NORTHERN CAGAYAN DISTRICT HOSPITAL,2020-04-17 13:35:58,2020-04-17 13:35:58,2020-04-17,0,50,20,0,0,10,20,0,0
DOH000000000000225,59,OSLOB DISTRICT HOSPITAL,2020-04-17 8:54:46,2020-04-17 8:54:46,2020-04-17,0,5000,250,10,68,10,100,1000,0
DOH000000000000440,556,CALUMPIT DISTRICT HOSPITAL,2020-04-17 18:15:34,2020-04-17 18:15:34,2020-04-17,0,20,100,226,212,10,250,50,85
DOH000000000000553,425,GINGOOG SANITARIUM AND HOSPITAL,2020-04-17 15:45:35,2020-04-17 15:45:35,2020-04-17,0,19000,0,0,10,10,5,500,50
DOH000000000000608,454,"LADY OF LOURDES HOSPITAL OF CAYBIGA, INC.",2020-04-17 16:01:33,2020-04-17 16:01:33,2020-04-17,2,300,60,4,5,10,20,100,20
DOH000000000002750,283,WESTMIN UNITED DOCTORS HOSPITAL CO.,2020-04-17 13:50:20,2020-04-17 13:50:20,2020-04-17,3,100,20,0,5,10,12,100,0
DOH000000000031928,265,MIDWAY HOSPITAL,2020-04-17 13:33:53,2020-04-17 13:33:53,2020-04-17,4,50,24,6,2,10,17,20,10
DOH000000000005169,217,SOGOD DISTRICT HOSPITAL,2020-04-17 12:32:12,2020-04-17 12:32:12,2020-04-17,4,0,0,4,17,10,30,200,0
DOH000000000000019,418,LA PAZ MUNICIPAL HOSPITAL,2020-04-17 15:43:40,2020-04-17 15:43:40,2020-04-17,5,100,10,0,2,10,20,0,36
DOH000000000005454,372,KABASALAN GENRAL HOSPITAL,2020-04-17 15:13:57,2020-04-17 15:13:57,2020-04-17,5,20,20,5,0,10,10,20,3
DOH000000000002326,359,LOPEZ FAMILY CLINIC AND HOSPITAL,2020-04-17 15:07:23,2020-04-17 15:07:23,2020-04-17,5,50,100,0,5,10,14,300,10
DOH000000000004638,180,TAGUM DOCTORS? HOSPITAL,2020-04-17 11:37:36,2020-04-17 11:37:36,2020-04-17,7,200,200,7,3,10,50,50,5
DOH000000000000588,415,JUAN S. ALANO MEMORIAL HOSPITAL,2020-04-17 15:42:29,2020-04-17 15:42:29,2020-04-17,8,100,100,8,3,10,20,100,15
DOH000000000005697,391,LIM COMMUNITY HOSPITAL,2020-04-17 15:31:47,2020-04-17 15:31:47,2020-04-17,8,200,100,3,0,10,30,250,5
DOH000000000004967,277,CALAMBA DISTRICT HOSPITAL,2020-04-17 13:43:04,2020-04-17 13:43:04,2020-04-17,10,150,10,0,15,10,10,0,0
DOH000000000032209,324,CALAYAN INFIRMARY,2020-04-17 14:47:53,2020-04-17 14:47:53,2020-04-17,10,500,10,10,0,10,50,100,30
DOH000000000006866,178,SABALLA-ROSARIO HOSPITAL,2020-04-17 11:36:33,2020-04-17 11:36:33,2020-04-17,10,100,10,0,0,10,0,50,0
DOH000000000000461,237,CRISPIN M. PARAGAS MEMORIAL HOSPITAL (Curuan),2020-04-17 13:03:26,2020-04-17 13:03:26,2020-04-17,10,100,10,10,10,10,30,100,0
DOH000000000004346,54,BALLESTEROS DISTRICT HOSPITAL,2020-04-17 8:46:17,2020-04-17 8:46:17,2020-04-17,10,1000,10,10,10,10,10,10,10
DOH000000000000521,453,DR. TOMAS L. NOLASCO  SR. MEMORIAL HOSPITAL - REPRODUCTIVE H,2020-04-17 16:00:43,2020-04-17 16:00:43,2020-04-17,10,300,100,10,0,10,20,200,5
DOH000000000003521,565,CAMP MELCHOR F. DELA CRUZ STATION HOSPITAL,2020-04-17 18:51:11,2020-04-17 18:51:11,2020-04-17,10,2420,14,14,10,10,79,625,19
DOH000000000006019,651,J. CABAHUG HOSPITAL,2020-04-18 13:37:05,2020-04-18 13:37:05,2020-04-18,10,300,50,10,70,10,50,800,10
DOH000000000000246,146,SAN JOSE MEDICARE COMMUNITY HOSPITAL,2020-04-17 11:13:15,2020-04-17 11:13:15,2020-04-17,10,20,40,60,1,10,55,300,0
DOH000000000004232,47,"NUESTRO SE?OR STO. NI?O HOSPITAL, INC.",2020-04-17 8:36:35,2020-04-17 8:36:35,2020-04-17,10,300,20,10,15,10,10,100,10
DOH000000000002752,264,CARLOS P. ACOSTA CLINIC & HOSPITAL,2020-04-17 13:33:36,2020-04-17 13:33:36,2020-04-17,10,50,20,2,10,10,10,200,15
DOH000000000000289,210,DUBONGCOS MEDICAL CLINIC,2020-04-17 12:16:48,2020-04-17 12:16:48,2020-04-17,10,50,10,12,12,10,10,5,12
DOH000000000002297,399,SAN ANTONIO CITY OF ILAGAN HOSPITAL,2020-04-17 15:34:52,2020-04-17 15:34:52,2020-04-17,10,2500,10,14,10,10,100,250,50
DOH000000000000444,373,CAUAYAN FAMILY HOSPITAL,2020-04-17 15:15:23,2020-04-17 15:15:23,2020-04-17,10,50,10,10,5,10,10,100,4
DOH000000000023761,518,ST. JUDE THADDEUS GENERAL HOSPITAL (SJTGH),2020-04-17 16:54:16,2020-04-17 16:54:16,2020-04-17,10,350,50,10,10,10,10,350,0
DOH000000000037369,445,"DR. RAMON PESANTE CLINIC AND HOSPITAL, INC.",2020-04-17 15:55:08,2020-04-17 15:55:08,2020-04-17,10,10,10,10,10,10,5,10,10
DOH000000000003026,342,BALUD MUNICIPAL HOSPITAL,2020-04-17 14:57:11,2020-04-17 14:57:11,2020-04-17,10,10,10,5,0,10,9,200,0
DOH000000000038007,104,GRUPO MEDICO DE DIOS INC.,2020-04-17 10:15:45,2020-04-17 10:15:45,2020-04-17,10,13000,1100,2,0,10,0,50,60
DOH000000000003625,452,MISAMIS UNIVERSITY MEDICAL CENTER,2020-04-17 15:59:47,2020-04-17 15:59:47,2020-04-17,16,80,1300,12,5,10,16,50,20
DOH000000000000589,595,"KABACAN MEDICAL SPECIALIST, INC.",2020-04-17 22:07:51,2020-04-17 22:07:51,2020-04-17,20,200,50,5,0,10,15,500,20
DOH000000000038491,296,ST. PAUL HOSPITAL,2020-04-17 14:12:01,2020-04-17 14:12:01,2020-04-17,20,200,10,6,4,10,30,1000,5
DOH000000000003762,661,BUKIDNON PROVINCIAL HOSPITAL-MARAMAG,2020-04-18 15:42:52,2020-04-18 15:42:52,2020-04-18,20,1000,300,20,20,10,300,1000,0
DOH000000000004861,165,LU CLINIC AND HOSPITAL,2020-04-17 11:26:33,2020-04-17 11:26:33,2020-04-17,25,100,25,10,5,10,25,100,10
DOH000000000000672,576,MINDANAO MEDICAL CENTER,2020-04-17 19:33:10,2020-04-17 19:33:10,2020-04-17,27,769,952,0,5,10,0,1450,220
DOH000000000004384,92,OUR LADY OF LOURDES HOSPITAL,2020-04-17 9:54:05,2020-04-17 9:54:05,2020-04-17,30,100,100,10,30,10,20,100,30
DOH000000000002810,143,NUEVA VALENCIA DISTRICT HOSPITAL,2020-04-17 11:09:48,2020-04-17 11:09:48,2020-04-17,30,400,45,17,12,10,175,152,36
DOH000000000005296,487,LAMBAYONG DISTRICT HOSPITAL,2020-04-17 16:27:55,2020-04-17 16:27:55,2020-04-17,47,200,100,11,47,10,10,150,13
DOH000000000002595,436,"PANABO POLYMEDIC HOSPITAL, INC.",2020-04-17 15:52:02,2020-04-17 15:52:02,2020-04-17,50,5000,200,10,24,10,20,250,20
DOH000000000004148,476,LEONCIO GENERAL HOSPITAL,2020-04-17 16:18:36,2020-04-17 16:18:36,2020-04-17,50,5500,690,15,6,10,40,1050,60
DOH000000000002634,573,MMGHHSP COOPERATI VE HOSPITAL,2020-04-17 19:09:58,2020-04-17 19:09:58,2020-04-17,50,200,200,20,20,10,50,0,10
DOH000000000002854,439,UMINGAN COMMUNITY HOSPITAL,2020-04-17 15:53:28,2020-04-17 15:53:28,2020-04-17,60,200,25,2,10,10,110,25,3
DOH000000000001791,631,"CHARLES W. SELBY MEMORIAL HOSP., INC.",2020-04-18 10:32:52,2020-04-18 10:32:52,2020-04-18,100,1000,390,20,6,10,30,525,515
DOH000000000005127,511,"ADVENTIST MEDICAL CENTER-VALENCIA CITY, INC.",2020-04-17 16:43:37,2020-04-17 16:43:37,2020-04-17,104,3200,80,0,5,10,85,3250,169
DOH000000000004611,423,D.O. PLAZA MEMORIAL HOSPITAL,2020-04-17 15:45:27,2020-04-17 15:45:27,2020-04-17,150,300,20,10,50,10,150,100,50
DOH000000000033468,348,"ISABELA SOUTH SPECIALISTS HOSPITAL, INC.",2020-04-17 15:00:34,2020-04-17 15:00:34,2020-04-17,150,500,100,150,150,10,80,500,50
DOH000000000007121,629,ANGEL SALAZAR MEMORIAL GENERAL HOSPITAL,2020-04-18 10:13:44,2020-04-18 10:13:44,2020-04-18,2,11,11,9,9,11,11,2,9
DOH000000000000292,98,JVF CLINIC AND LYING-IN MEMORIAL HOSPITAL,2020-04-17 10:02:51,2020-04-17 10:02:51,2020-04-17,4,170,12,1,1,11,4,20,9
DOH000000000023754,691,"OUR LADY OF MT. CARMEL MEDICAL CENTER-CLARK, INC.",2020-04-19 12:17:03,2020-04-19 12:17:03,2020-04-19,11,3598,99,5,0,11,0,3250,209
DOH000000000005990,211,ANAHAWAN DISTRICT HOSPITAL,2020-04-17 12:18:03,2020-04-17 12:18:03,2020-04-17,8,500,100,0,21,15,60,70,0
DOH000000000002549,412,QUEZON COMMUNITY INFIRMARY,2020-04-17 15:41:30,2020-04-17 15:41:30,2020-04-17,10,15,30,5,25,15,50,100,30
DOH000000000032104,602,OWWA MISAMIS ORIENTAL PROVINCIAL HOSPITAL- ALUBIJID,2020-04-18 6:33:47,2020-04-18 6:33:47,2020-04-18,10,100,100,10,10,15,15,150,100
DOH000000000000747,105,SIBUTAD MUNICIPAL HOSPITAL,2020-04-17 10:17:41,2020-04-17 10:17:41,2020-04-17,15,100,15,0,15,15,20,0,0
DOH000000000000004,477,LABASON DISTRICT HOSPITAL,2020-04-17 16:19:51,2020-04-17 16:19:51,2020-04-17,15,100,15,0,0,15,35,400,25
DOH000000000004798,604,PAGADIAN CITY MEDICAL CENTER,2020-04-18 6:59:53,2020-04-18 6:59:53,2020-04-18,18,30900,15,49,11,15,100,50,9
DOH000000000000487,533,"DON VALERIO PALMARES, SR. MEMORIAL DISTRICT HOSPITAL",2020-04-17 17:16:00,2020-04-17 17:16:00,2020-04-17,20,990,770,0,46,15,47,1200,0
DOH000000000004036,491,ILOCOS SUR DISTRICT HOSPITAL - NARVACAN,2020-04-17 16:30:13,2020-04-17 16:30:13,2020-04-17,20,200,15,23,15,15,18,50,15
DOH000000000004697,301,HOLY INFANT HOSPITAL OF TUGUEGARAO INC.,2020-04-17 14:23:33,2020-04-17 14:23:33,2020-04-17,40,500,15,15,15,15,50,200,15
DOH000000000000221,490,BARILI DISTRICT HOSPITAL,2020-04-17 16:30:07,2020-04-17 16:30:07,2020-04-17,61,1500,150,22,5,15,115,400,15
DOH000000000001668,23,VICE GOVERNOR FRANCISCO PONCE DE LEON MEMORIAL HOSPITAL,2020-04-17 8:05:23,2020-04-17 8:05:23,2020-04-17,0,35,0,0,28,16,18,400,10
DOH000000000001562,485,MALIPAYON DISTRICT HOSPITAL,2020-04-17 16:24:52,2020-04-17 16:24:52,2020-04-17,16,50,16,16,5,16,20,500,20
DOH000000000000226,528,ORIENTAL MINDORO CENTRAL DISTRICT HOSPITAL,2020-04-17 17:08:28,2020-04-17 17:08:28,2020-04-17,16,600,41,0,70,16,105,600,108
DOH000000000005381,155,POLOMOLOK MUNICIPAL HOSPITAL,2020-04-17 11:20:05,2020-04-17 11:20:05,2020-04-17,18,4000,16,26,6,16,16,479,24
DOH000000000003562,581,TRIFON SAILE MEMORIAL HOSPITAL,2020-04-17 20:00:31,2020-04-17 20:00:31,2020-04-17,24,0,18,0,0,16,44,11,1
DOH000000000000542,326,EDWIN ANDREWS AIRBASE HOSPITAL,2020-04-17 14:49:01,2020-04-17 14:49:01,2020-04-17,16,1119,19,46,101,18,344,1774,367
DOH000000000006871,368,PANGASINAN DOCTORS HOSPITAL,2020-04-17 15:12:22,2020-04-17 15:12:22,2020-04-17,18,800,18,0,50,18,0,0,0
DOH000000000000382,51,"DR. AMANDO D. COPE MEMORIAL HOSPITAL, INC.",2020-04-17 8:41:48,2020-04-17 8:41:48,2020-04-17,25,3100,1500,20,18,18,40,1250,50
DOH000000000000308,79,GARCHITORENA MEDICARE COMMUNITY HOSPITAL,2020-04-17 9:39:27,2020-04-17 9:39:27,2020-04-17,40,800,10,2,0,18,30,450,480
DOH000000000004426,466,SIMBULAN STO. NI?O HOSPITAL,2020-04-17 16:11:23,2020-04-17 16:11:23,2020-04-17,0,1000,100,53,0,20,50,350,3
DOH000000000007527,622,UNIVERSIDAD DE ZAMBOANGA MEDICAL CENTER,2020-04-18 9:04:11,2020-04-18 9:04:11,2020-04-18,0,100,20,8,10,20,20,20,10
DOH000000000000376,468,ST. JAMES HOSPITAL VQR MEDICAL FOUNDATION,2020-04-17 16:12:02,2020-04-17 16:12:02,2020-04-17,0,400,0,0,490,20,25,45,0
DOH000000000000318,308,DR. VICTOR S. VILLAROMAN MEMORIAL HOSPITAL,2020-04-17 14:25:34,2020-04-17 14:25:34,2020-04-17,2,100,100,4,0,20,18,0,0
DOH000000000001979,363,NUESTRA SENORA DE PIAT DISTRICT HOSPITAL,2020-04-17 15:09:24,2020-04-17 15:09:24,2020-04-17,5,200,100,10,14,20,0,0,300
DOH000000000000495,201,DR. HENRY M. DE VILLA MEMORIAL HOSPITAL,2020-04-17 12:00:04,2020-04-17 12:00:04,2020-04-17,5,200,100,12,5,20,20,200,20
DOH000000000034464,251,"ZONE MEDICAL AND INTERVENTION HOSPITAL, INC.",2020-04-17 13:17:30,2020-04-17 13:17:30,2020-04-17,10,30,0,0,0,20,8,25,0
DOH000000000004403,274,DR. DOMINGO S. DE LEON GENERAL HOSPITAL,2020-04-17 13:42:28,2020-04-17 13:42:28,2020-04-17,10,1,20,5,0,20,15,1,0
DOH000000000003564,216,NASIPIT DISTRICT HOSPITAL,2020-04-17 12:29:05,2020-04-17 12:29:05,2020-04-17,10,1200,149,3,112,20,204,550,60
DOH000000000000425,42,BASILAN COMMUNITY HOSPITAL,2020-04-17 8:32:30,2020-04-17 8:32:30,2020-04-17,12,20,13,7,0,20,30,950,100
DOH000000000004415,290,"GONZALES MARANAN MEDICAL CENTER, INC.",2020-04-17 14:04:50,2020-04-17 14:04:50,2020-04-17,20,1000,950,50,30,20,200,250,5
DOH000000000024449,662,ISIAH MEDICAL CENTER,2020-04-18 15:51:39,2020-04-18 15:51:39,2020-04-18,20,500,20,5,20,20,50,200,50
DOH000000000000732,170,ROMEO B. SIBUD COUNTRY HOPSITAL,2020-04-17 11:31:15,2020-04-17 11:31:15,2020-04-17,20,100,20,20,20,20,20,20,20
DOH000000000004862,232,LUCAS-PAGUILA MEDICAL CLINIC AND HOSPITAL,2020-04-17 12:51:52,2020-04-17 12:51:52,2020-04-17,20,300,300,0,15,20,50,150,0
DOH000000000002748,64,DR. DAMIAN REYES PROVINCIAL HOSPITAL,2020-04-17 9:07:04,2020-04-17 9:07:04,2020-04-17,20,200,50,30,200,20,30,150,100
DOH000000000005504,30,DR. DOMINGO B. TAMONDONG MEMORIAL HOSPITAL & COLLEGE FOUNDAT,2020-04-17 8:16:34,2020-04-17 8:16:34,2020-04-17,20,500,100,2,1,20,15,10,2
DOH000000000004213,292,RAGAY DISTRICT HOSPITAL,2020-04-17 14:06:26,2020-04-17 14:06:26,2020-04-17,40,2500,40,10,0,20,0,1050,0
DOH000000000001824,293,LINGAYEN DISTRICT HOSPITAL,2020-04-17 14:07:58,2020-04-17 14:07:58,2020-04-17,63,3800,1000,0,86,20,418,3800,17
DOH000000000000726,663,"RTN FOUNDATION, INC. HOSPITAL",2020-04-18 16:02:29,2020-04-18 16:02:29,2020-04-18,81,500,300,8,81,20,30,300,200
DOH000000000004078,3,SAN FERNANDINO HOSPITAL,2020-04-17 5:52:13,2020-04-17 5:52:13,2020-04-17,500,300,20,5,10,20,50,100,50
DOH000000000006746,176,RANADA GENERAL HOSPITAL,2020-04-17 11:34:00,2020-04-17 11:34:00,2020-04-17,6,80,15,0,0,25,30,60,5
DOH000000000005079,149,HINATUAN DISTRICT HOSPITAL,2020-04-17 11:15:55,2020-04-17 11:15:55,2020-04-17,8,300,0,4,10,25,25,1700,44
DOH000000000004636,564,WESLEYAN UNIVERSITY - PHILIPPINES,2020-04-17 18:43:26,2020-04-17 18:43:26,2020-04-17,10,200,1800,7,30,25,50,0,0
DOH000000000000254,289,ILOCOS SUR DISTRICT HOSPITAL - SINAIT,2020-04-17 14:04:08,2020-04-17 14:04:08,2020-04-17,25,150,50,25,0,25,50,4330,0
DOH000000000005060,503,IMMACULATE CONCEPCION POLYCLINIC AND HOSPITAL INC,2020-04-17 16:38:50,2020-04-17 16:38:50,2020-04-17,63,200,63,25,63,25,63,200,0
DOH000000000000787,683,SURIGAO MEDICAL CENTER INC.,2020-04-19 8:13:23,2020-04-19 8:13:23,2020-04-19,95,19700,700,10,20,25,100,6930,59
DOH000000000004969,220,CAMP NAVARRO GENERAL HOSPITAL,2020-04-17 12:37:18,2020-04-17 12:37:18,2020-04-17,202,1101,265,0,9,25,77,473,18
DOH000000000003769,577,"BUTUAN DOCTORS? HOSPITAL AND COLLEGE, INCORPORATED",2020-04-17 19:38:01,2020-04-17 19:38:01,2020-04-17,10,100,850,92,75,30,105,1300,40
DOH000000000035325,55,CAPAS MEDICAL CENTER,2020-04-17 8:52:28,2020-04-17 8:52:28,2020-04-17,10,10,500,10,20,30,30,200,30
DOH000000000034296,475,"ST. PAUL SURIGAO UNIVERSITY HOSPITAL, INC.",2020-04-17 16:18:10,2020-04-17 16:18:10,2020-04-17,10,100,30,2,9,30,15,0,0
DOH000000000005597,162,FR. GERRY FILIPPETTO MEMORIAL FOUNDATION HOSPITAL,2020-04-17 11:24:36,2020-04-17 11:24:36,2020-04-17,10,2400,508,3,4,30,0,1300,50
DOH000000000002421,100,BISLIG DISTRICT HOSPITAL,2020-04-17 10:08:46,2020-04-17 10:08:46,2020-04-17,25,25,50,2,15,30,20,100,5
DOH000000000002271,424,MISAMIS ORIENTAL PROVINCIAL HOSPITAL - GINGOOG,2020-04-17 15:45:31,2020-04-17 15:45:31,2020-04-17,25,50,100,0,10,30,50,50,25
DOH000000000005932,285,TABLAS ISLAND DISTRICT HOSPITAL,2020-04-17 13:54:10,2020-04-17 13:54:10,2020-04-17,30,30,30,30,30,30,30,450,50
DOH000000000003717,327,SURALLAH COMMUNITY HOSPITAL,2020-04-17 14:50:34,2020-04-17 14:50:34,2020-04-17,30,100,100,5,3,30,70,50,5
DOH000000000000001,256,PIDDIG DISTRICT HOSPITAL,2020-04-17 13:25:57,2020-04-17 13:25:57,2020-04-17,30,500,30,5,30,30,1,0,3
DOH000000000000568,628,HOLY CHILD COLLEGES OF BUTUAN HOSPITAL CO.,2020-04-18 10:00:22,2020-04-18 10:00:22,2020-04-18,50,50,60,10,30,30,25,20,10
DOH000000000031935,560,"SAN FRANCISCO DOCTORS HOSPITAL, INC.",2020-04-17 18:28:07,2020-04-17 18:28:07,2020-04-17,80,3000,150,45,35,30,60,300,30
DOH000000000005093,689,"V.L. MAKABALI MEMORIAL HOSPITAL, INC.",2020-04-19 10:10:51,2020-04-19 10:10:51,2020-04-19,209,20000,6000,65,6,30,100,2199,43
DOH000000000003492,547,Bongabon District Hospital,2020-04-17 17:42:17,2020-04-17 17:42:17,2020-04-17,23,200,15,2,21,38,27,0,6
DOH000000000004414,568,Saint Anthony Mother and Child Hospital,2020-04-17 18:56:17,2020-04-17 18:56:17,2020-04-17,50,14900,555,0,180,38,1094,1240,491
DOH000000000038000,388,"METRO HEALTH SPECIALISTS HOSPITAL, INC.",2020-04-17 15:28:29,2020-04-17 15:28:29,2020-04-17,94,4500,300,16,52,38,182,950,66
DOH000000000004456,403,GATTARAN EMERGENCY HOSPITAL,2020-04-17 15:37:18,2020-04-17 15:37:18,2020-04-17,0,500,40,2,30,40,3,970,280
DOH000000000000445,681,CHAVEZ MEDICAL CLINIC,2020-04-19 6:36:41,2020-04-19 6:36:41,2020-04-19,8,20,20,2,2,40,10,50,3
DOH000000000005157,228,MISAMIS ORIENTAL PROVINCIAL HOSPITAL - MAGSAYSAY,2020-04-17 12:47:58,2020-04-17 12:47:58,2020-04-17,15,250,400,13,5,40,100,350,100
DOH000000000025849,68,NORTHERN LUZON ADVENTIST HOSPITAL,2020-04-17 9:23:54,2020-04-17 9:23:54,2020-04-17,20,1800,200,28,0,40,10,500,50
DOH000000000005984,666,"DAVAO MEDICAL SCHOOL FOUNDATION, INC.",2020-04-18 16:27:21,2020-04-18 16:27:21,2020-04-18,50,50300,4068,60,92,40,51,72750,1400
DOH000000000000684,49,"NOTRE DAME HOSPITAL AND SCHOOL OF MIDWIFERY, INC.",2020-04-17 8:38:33,2020-04-17 8:38:33,2020-04-17,50,12500,730,30,100,40,5,11500,100
DOH000000000001977,430,MARIVELES MENTAL WELLNESS  AND GENERAL HOSPITAL,2020-04-17 15:48:34,2020-04-17 15:48:34,2020-04-17,80,14,125,15,150,40,400,48,55
DOH000000000005710,592,"LAS PI?AS CITY MEDICAL CENTER, INC.",2020-04-17 21:31:35,2020-04-17 21:31:35,2020-04-17,150,36000,1000,136,50,40,820,9000,220
DOH000000000004316,524,"NUEVA ECIJA GOOD SAMARITAN HEALTH SYSTEM, INC.",2020-04-17 17:02:05,2020-04-17 17:02:05,2020-04-17,0,10000,2000,299,5,300,0,9000,0
DOH000000000004460,212,BULACAN MEDICAL CENTER,2020-04-17 12:18:47,2020-04-17 12:18:47,2020-04-17,287,710,100,110,300,300,2910,815,205
DOH000000000037096,191,"LOVING MOTHER GENERAL HOSPITAL AND DIAGNOSTIC CENTER, INC.",2020-04-17 11:49:59,2020-04-17 11:49:59,2020-04-17,40,90,1050,39,146,300,129,160,50
DOH000000000003566,632,"SOLLER GENERAL HOSPITAL, INC.",2020-04-18 10:34:44,2020-04-18 10:34:44,2020-04-18,50,8000,300,10,20,300,30,1150,103
DOH000000000001873,153,"UNIVERSIDAD DE STA. ISABEL DE NAGA, INC.",2020-04-17 11:19:29,2020-04-17 11:19:29,2020-04-17,70,7122,100,109,6,300,221,1427,83
DOH000000000002820,644,"DR. AMANDO L. GARCIA MEDICAL CENTER, INC.",2020-04-18 12:20:53,2020-04-18 12:20:53,2020-04-18,100,500,300,0,30,300,30,800,50
DOH000000000003314,623,MOTHER TERESA OF CALCUTTA MEDICAL CENTER,2020-04-18 9:11:39,2020-04-18 9:11:39,2020-04-18,100,1000,400,30,100,300,100,600,800
DOH000000000006497,253,"DE VERA MEDICAL CENTER, INC.",2020-04-17 13:23:45,2020-04-17 13:23:45,2020-04-17,200,8000,2000,20,0,300,130,3426,300
DOH000000000038394,654,"SAINT GABRIEL MEDICAL CENTER, INC.",2020-04-18 14:00:49,2020-04-18 14:00:49,2020-04-18,0,200,10,5,5,50,10,0,8
DOH000000000000602,319,KIDAPAWAN CITY HOSPITAL,2020-04-17 14:44:27,2020-04-17 14:44:27,2020-04-17,0,1300,50,6,15,50,6,50,20
DOH000000000000607,361,LABO DISTRICT HOSPITAL,2020-04-17 15:09:12,2020-04-17 15:09:12,2020-04-17,0,750,105,0,147,50,143,760,20
DOH000000000005975,229,MARY IMMACULATE MATERNITY AND GENERAL HOSPITAL,2020-04-17 12:48:47,2020-04-17 12:48:47,2020-04-17,0,200,50,4,10,50,75,0,0
DOH000000000006031,411,MALUNGON MUNICIPAL HOSPITAL,2020-04-17 15:41:04,2020-04-17 15:41:04,2020-04-17,5,100,30,5,0,50,30,800,0
DOH000000000032095,482,CORAZON C. AQUINO MEMORIAL HOSPITAL,2020-04-17 16:23:02,2020-04-17 16:23:02,2020-04-17,5,100,0,5,0,50,25,150,50
DOH000000000000224,698,DAANBANTAYAN DISTRICT HOSPITAL,2020-04-19 15:50:34,2020-04-19 15:50:34,2020-04-19,8,100,100,0,0,50,51,100,20
DOH000000000002871,241,CANDON GENERAL HOSPITAL,2020-04-17 13:08:00,2020-04-17 13:08:00,2020-04-17,10,200,100,10,50,50,80,1000,100
DOH000000000032432,65,"BRIGINO GENERAL HOSPITAL, INC. (New)",2020-04-17 9:13:27,2020-04-17 9:13:27,2020-04-17,10,100,50,5,5,50,10,50,0
DOH000000000003558,168,LUCENA MMG GENERAL HOSPITAL,2020-04-17 11:29:59,2020-04-17 11:29:59,2020-04-17,15,50,15,10,0,50,3,0,0
DOH000000000003490,305,SAN ANDRES MUNICIPAL HOSPITAL,2020-04-17 14:24:04,2020-04-17 14:24:04,2020-04-17,15,200,50,30,1,50,20,200,15
DOH000000000002159,222,MANITO MUNICIPAL HOSPITAL,2020-04-17 12:41:32,2020-04-17 12:41:32,2020-04-17,15,250,50,5,6,50,30,0,0
DOH000000000001804,136,GAOAT GENERAL HOSPITAL,2020-04-17 10:58:47,2020-04-17 10:58:47,2020-04-17,15,600,100,2,3,50,10,200,12
DOH000000000003714,258,GOZO COMMUNITY HOSPITAL,2020-04-17 13:27:10,2020-04-17 13:27:10,2020-04-17,15,100,50,15,15,50,15,50,20
DOH000000000005976,122,CANDON ST. MARTIN DE PORRES HOSPITAL,2020-04-17 10:39:33,2020-04-17 10:39:33,2020-04-17,18,1000,300,11,40,50,5,500,150
DOH000000000005674,151,LA UNION MEDICAL DIAGNOSTIC CENTER AND HOSPITAL,2020-04-17 11:19:00,2020-04-17 11:19:00,2020-04-17,20,150,90,20,15,50,70,400,20
DOH000000000037097,347,"MATALAM MIDWAY HOSPITAL, INC.",2020-04-17 14:58:30,2020-04-17 14:58:30,2020-04-17,20,850,200,10,0,50,50,50,15
DOH000000000001679,271,SAGRADO MEDICAL AND CHILDREN'S CLINIC,2020-04-17 13:41:48,2020-04-17 13:41:48,2020-04-17,30,100,50,2,0,50,15,100,0
DOH000000000005452,574,INFANTE HOSPITAL MANAGEMENT CORPORATION,2020-04-17 19:23:28,2020-04-17 19:23:28,2020-04-17,40,500,200,15,100,50,50,500,5
DOH000000000005199,316,"ST. JOHN HOSPITAL, INC.",2020-04-17 14:41:22,2020-04-17 14:41:22,2020-04-17,40,8000,50,30,32,50,170,500,12
DOH000000000003246,687,R DE C GALVEZ MEDICAL CENTER,2020-04-19 9:34:06,2020-04-19 9:34:06,2020-04-19,50,1580,47,43,2,50,26,190,0
DOH000000000007971,278,WILFREDO C. PALMA MEMORIAL HOSPITAL,2020-04-17 13:43:50,2020-04-17 13:43:50,2020-04-17,50,1000,200,50,50,50,40,50,50
DOH000000000007971,608,WILFREDO C. PALMA MEMORIAL HOSPITAL,2020-04-18 7:51:03,2020-04-18 7:51:03,2020-04-18,50,1000,200,50,50,50,40,50,50
DOH000000000007971,688,WILFREDO C. PALMA MEMORIAL HOSPITAL,2020-04-19 9:35:24,2020-04-19 9:35:24,2020-04-19,50,1000,200,50,50,50,40,50,50
DOH000000000005786,124,SIBUYAN DISTRICT HOSPITAL,2020-04-17 10:43:43,2020-04-17 10:43:43,2020-04-17,50,5000,50,50,50,50,50,500,20
DOH000000000000436,386,BUKIDNON PROVINCIAL HOSPITAL - MANOLO FORTICH,2020-04-17 15:28:11,2020-04-17 15:28:11,2020-04-17,70,5600,367,22,0,50,84,2559,59
DOH000000000003075,703,LABUAN GENERAL HOSPITAL,2020-04-19 18:13:44,2020-04-19 18:13:44,2020-04-19,75,3000,500,50,75,50,30,1000,450
DOH000000000008483,85,"DR. RONALD P. GUZMAN MEDICAL CENTER, INC.",2020-04-17 9:44:59,2020-04-17 9:44:59,2020-04-17,600,7500,50,40,20,50,50,1250,20
DOH000000000005417,72,"OUR LADY OF MERCY GENERAL HOSPITAL, INC.",2020-04-17 9:33:04,2020-04-17 9:33:04,2020-04-17,145,200,100,20,50,50,20,100,50
DOH000000000002451,352,DONA MARIA D. TAN MEMORIAL HOSPITAL,2020-04-17 15:02:33,2020-04-17 15:02:33,2020-04-17,176,4300,260,70,0,50,146,117,90
DOH000000000002151,166,"BETHEL BAPTIST HOSPITAL, INC.",2020-04-17 11:27:53,2020-04-17 11:27:53,2020-04-17,500,2000,500,2,0,50,100,250,100
DOH000000000007036,152,"ZAMBOANGA DOCTORS? HOSPITAL, INC.",2020-04-17 11:19:18,2020-04-17 11:19:18,2020-04-17,16,6800,600,0,40,80,104,2700,150
DOH000000000031999,309,"CURE PHILIPPINES, INC. ",2020-04-17 14:27:06,2020-04-17 14:27:06,2020-04-17,49,20830,4600,50,100,80,250,1300,55
DOH000000000003027,570,ALCALA MUNICIPAL HOSPITAL,2020-04-17 19:03:00,2020-04-17 19:03:00,2020-04-17,50,100,80,40,5,80,20,250,260
DOH000000000002502,379,ZAMBOANGA DEL SUR MEDICAL CENTER,2020-04-17 15:19:51,2020-04-17 15:19:51,2020-04-17,400,2000,2000,75,230,80,940,650,1500
DOH000000000006551,335,MILAGROS ALBANO DISTRICT HOSPITAL,2020-04-17 14:54:08,2020-04-17 14:54:08,2020-04-17,0,2100,4050,91,199,100,168,980,50
DOH000000000002119,38,ROXAS MEDICARE HOSPITAL,2020-04-17 8:26:47,2020-04-17 8:26:47,2020-04-17,0,4400,350,34,28,100,200,600,249
DOH000000000000235,281,MATILDE A. OLIVAS DISTRICT HOSPITAL,2020-04-17 13:49:37,2020-04-17 13:49:37,2020-04-17,0,0,100,0,25,100,0,1000,180
DOH000000000005024,192,MALITA DISTRICT HOSPITAL,2020-04-17 11:51:20,2020-04-17 11:51:20,2020-04-17,0,50,0,0,0,100,50,0,0
DOH000000000002821,189,ANDRES SORIANO MEMORIAL HOSPITAL COOPERATIVE,2020-04-17 11:48:23,2020-04-17 11:48:23,2020-04-17,0,70000,100,1,10,100,4,500,20
DOH000000000001989,634,"SAN PEDRO HOSPITAL OF DAVAO CITY, INC.",2020-04-18 11:09:58,2020-04-18 11:09:58,2020-04-18,256,1600,600,132,256,100,200,25330,255
DOH000000000000358,88,LUDOVICE GENERAL HOSPITAL,2020-04-17 9:47:09,2020-04-17 9:47:09,2020-04-17,5,200,100,5,5,100,20,0,60
DOH000000000005938,387,TORRIJOS MUNICIPAL HOSPITAL,2020-04-17 15:28:13,2020-04-17 15:28:13,2020-04-17,6,100,0,10,10,100,6,0,20
DOH000000000005377,382,MEDICAL MISSION GROUP HOSPITAL & HEALTH SERVICES COOPERATIVE,2020-04-17 15:22:37,2020-04-17 15:22:37,2020-04-17,9,1000,50,3,0,100,0,0,0
DOH000000000032773,650,MEDINA HOSPITAL,2020-04-18 13:27:27,2020-04-18 13:27:27,2020-04-18,10,200,100,4,5,100,15,200,40
DOH000000000005735,45,KASIBU MUNICIPAL HOSPITAL,2020-04-17 8:33:40,2020-04-17 8:33:40,2020-04-17,10,0,100,10,20,100,20,300,0
DOH000000000007489,325,EASTERN BICOL MEDICAL CENTER,2020-04-17 14:48:57,2020-04-17 14:48:57,2020-04-17,10,7100,500,103,461,100,734,2700,838
DOH000000000007705,35,HAPPY VALLEY COMMUNITY HOSPITAL,2020-04-17 8:24:22,2020-04-17 8:24:22,2020-04-17,10,300,150,15,20,100,25,100,100
DOH000000000000758,501,"ST. CLARE?S MEDICAL CENTER, INC.",2020-04-17 16:36:05,2020-04-17 16:36:05,2020-04-17,12,1900,300,14,156,100,620,38000,60
DOH000000000003667,435,NUEVA VIZCAYA PROVINCIAL HOSPITAL,2020-04-17 15:51:45,2020-04-17 15:51:45,2020-04-17,20,500,100,192,192,100,250,200,60
DOH000000000002073,457,GOV. ROQUE B. ABLAN SR. MEMORIAL HOSPITAL,2020-04-17 16:03:36,2020-04-17 16:03:36,2020-04-17,20,600,100,0,38,100,10,75,35
DOH000000000002694,179,JOSE C. PAYUMO JR. MEMORIAL HOSPITAL,2020-04-17 11:36:33,2020-04-17 11:36:33,2020-04-17,20,1000,100,20,195,100,20,2000,0
DOH000000000003301,401,ORMOC MATERNITY & CHILDREN'S HOSPITAL INC,2020-04-17 15:36:38,2020-04-17 15:36:38,2020-04-17,20,150,100,0,10,100,15,20,0
DOH000000000004507,612,NAGA CITY HOSPITAL,2020-04-18 8:15:09,2020-04-18 8:15:09,2020-04-18,21,200,100,2,40,100,50,1000,15
DOH000000000004698,699,MEDICAL MISSION GROUP HOSPITAL AND HEALTH SERVICES COOPERATI,2020-04-19 16:04:45,2020-04-19 16:04:45,2020-04-19,25,1000,200,9,10,100,70,300,15
DOH000000000001880,635,PALANAN STATION HOSPITAL,2020-04-18 11:12:38,2020-04-18 11:12:38,2020-04-18,25,29,300,65,35,100,0,13,20
DOH000000000002994,585,DAVAO DEL NORTE HOSPITAL (KAPALONG  ZONE),2020-04-17 20:25:27,2020-04-17 20:25:27,2020-04-17,25,100,500,25,25,100,50,500,25
DOH000000000038213,706,BATARAZA DISTRICT HOSPITAL,2020-04-19 19:19:26,2020-04-19 19:19:26,2020-04-19,30,1000,225,75,70,100,125,600,200
DOH000000000000385,598,OUR LADY MEDIATRIX HOSPITAL,2020-04-18 5:54:26,2020-04-18 5:54:26,2020-04-18,35,4400,500,51,28,100,35,490,93
DOH000000000005201,320,Batanes General Hospital,2020-04-17 14:44:55,2020-04-17 14:44:55,2020-04-17,38,100,3500,50,10,100,30,60,21
DOH000000000000611,142,LAOAG CITY GENERAL HOSPITAL,2020-04-17 11:09:27,2020-04-17 11:09:27,2020-04-17,50,500,50,0,20,100,20,700,0
DOH000000000001688,591,"ADVENTIST HOSPITAL-SANTIAGO CITY, INC.",2020-04-17 21:30:35,2020-04-17 21:30:35,2020-04-17,50,400,100,20,10,100,150,200,18
DOH000000000005501,188,PINAMALAYAN DOCTORS HOSPITAL,2020-04-17 11:48:04,2020-04-17 11:48:04,2020-04-17,53,50,100,10,25,100,28,100,9
DOH000000000000393,409,RAMOS GENERAL HOSPITAL,2020-04-17 15:39:53,2020-04-17 15:39:53,2020-04-17,57,4000,100,19,20,100,50,2000,54
DOH000000000000373,336,"LUZON MEDICAL CENTER, INC.",2020-04-17 14:54:12,2020-04-17 14:54:12,2020-04-17,70,1300,300,70,200,100,100,0,80
DOH000000000006060,233,SURIGAO DEL NORTE PROVINCIAL HOSPITAL,2020-04-17 12:53:33,2020-04-17 12:53:33,2020-04-17,71,600,200,9,75,100,60,150,150
DOH000000000000253,231,COMPOSTELA VALLEY PROVINCIAL HOSPITAL - PANTUKAN,2020-04-17 12:51:03,2020-04-17 12:51:03,2020-04-17,80,9400,2104,50,119,100,100,5678,265
DOH000000000005762,621,"CAGAYAN DE ORO MEDICAL CENTER, INC.",2020-04-18 8:52:30,2020-04-18 8:52:30,2020-04-18,100,100,100,100,50,100,100,100,50
DOH000000000017409,328,KARMELLI CLINIC AND HOSPITAL,2020-04-17 14:50:55,2020-04-17 14:50:55,2020-04-17,100,100,100,100,100,100,100,100,100
DOH000000000004362,557,LIBMANAN DISTRICT HOSPITAL,2020-04-17 18:19:08,2020-04-17 18:19:08,2020-04-17,130,1450,400,40,200,100,35,1250,30
DOH000000000000267,705,Masbate Provincial Hospital,2020-04-19 19:01:52,2020-04-19 19:01:52,2020-04-19,150,300,100,40,100,100,100,50,130
DOH000000000002185,697,"STA. TERESITA HOSPITAL, INC.",2020-04-19 15:50:19,2020-04-19 15:50:19,2020-04-19,10,500,200,0,7,150,20,50,5
DOH000000000002025,177,MAGALLANES MEDICARE COMMUNITY HOSPITAL,2020-04-17 11:35:40,2020-04-17 11:35:40,2020-04-17,25,300,150,0,18,150,41,50,15
DOH000000000005617,356,"SACRED HEART HOSPITAL OF MALOLOS, INC.",2020-04-17 15:05:30,2020-04-17 15:05:30,2020-04-17,100,250,300,20,150,150,400,550,130
DOH000000000002732,129,MISAMIS ORIENTAL PROVINCIAL HOSPITAL - INITAO,2020-04-17 10:54:27,2020-04-17 10:54:27,2020-04-17,188,19700,488,100,40,150,250,3150,190
DOH000000000000266,135,CAMARINES NORTE PROVINCIAL HOSPITAL,2020-04-17 10:58:17,2020-04-17 10:58:17,2020-04-17,0,0,0,0,48,200,450,1318,56
DOH000000000004122,5,TICAO DISTRICT HOSPITAL,2020-04-17 6:29:30,2020-04-17 6:29:30,2020-04-17,10,300,200,5,5,200,30,200,10
DOH000000000017445,586,"HOLY NAME UNIVERSITY MEDICAL CENTER, INC.",2020-04-17 20:35:01,2020-04-17 20:35:01,2020-04-17,25,10000,200,60,50,200,50,300,135
DOH000000000000260,474,SANTA CRUZ DISTRICT HOSPITAL,2020-04-17 16:17:58,2020-04-17 16:17:58,2020-04-17,50,600,30,35,22,200,45,50,5
DOH000000000004299,495,CORAZON LOCSIN MONTELIBANO MEMORIAL REGIONAL HOSPITAL,2020-04-17 16:35:13,2020-04-17 16:35:13,2020-04-17,835,115530,310255,650,75,200,515,8105,2685
DOH000000000002102,536,"LOPEZ DISTRICT FARMERS HOSPITAL, INC.",2020-04-17 17:18:11,2020-04-17 17:18:11,2020-04-17,70,10358,988,0,0,200,50,2400,90
DOH000000000002877,294,LA UNION MEDICAL CENTER,2020-04-17 14:09:54,2020-04-17 14:09:54,2020-04-17,100,800,200,50,50,200,900,100,0
DOH000000000004637,599,"NAZARETH GENERAL HOSPITAL, INC.",2020-04-18 6:24:13,2020-04-18 6:24:13,2020-04-18,200,500,200,50,200,200,100,500,200
DOH000000000002165,624,AMAI PAKPAK MEDICAL CENTER,2020-04-18 10:27:51,2020-04-18 9:12:34,2020-04-18,200,55000,18000,200,1800,200,500,30000,8000
DOH000000000000497,376,Dr. Jose Rizal Memorial Hospital  (DOH retained),2020-04-17 15:16:51,2020-04-17 15:16:51,2020-04-17,0,67000,35,28,64,1000,77,39250,509
DOH000000000000655,321,"MEDICAL CENTER MANILA, INC.",2020-04-17 14:45:13,2020-04-17 14:45:13,2020-04-17,5,1600,5000,293,2036,1000,2530,5971,1306
DOH000000000004975,641,"ZAMBOANGA PENINSULA MEDICAL CENTER, INC.",2020-04-18 12:08:58,2020-04-18 12:08:58,2020-04-18,36,500,1000,20,28,1000,16,200,42
DOH000000000000269,587,TARLAC PROVINCIAL HOSPITAL,2020-04-17 20:45:33,2020-04-17 20:45:33,2020-04-17,150,2000,1000,150,150,1000,100,2000,200
DOH000000000001981,707,NATIONAL KIDNEY AND TRANSPLANT INSTITUTE,2020-04-19 19:51:26,2020-04-19 19:51:26,2020-04-19,1000,3000,1000,50,300,1000,50,2000,700
DOH000000000003716,31,"MERCY COMMUNITY HOSPITAL, INC.",2020-04-17 8:17:19,2020-04-17 8:17:19,2020-04-17,80,7300,500,45,0,500,10,2400,10
DOH000000000004225,115,"PAMPANGA MEDICAL SPECIALIST HOSPITAL, INC.",2020-04-17 10:27:10,2020-04-17 10:27:10,2020-04-17,100,100,1000,0,50,500,200,100,300
DOH000000000000278,248,BICOL MEDICAL CENTER,2020-04-17 13:15:03,2020-04-17 13:15:03,2020-04-17,140,3480,500,87,100,500,80,4550,600
DOH000000000025834,243,UROLOGY CENTER OF THE PHILIPPINES,2020-04-17 13:09:40,2020-04-17 13:09:40,2020-04-17,153,24120,4611,20,75,500,100,5180,127
DOH000000000003225,530,TAYUG FAMILY HOSPITAL,2020-04-17 17:11:39,2020-04-17 17:11:39,2020-04-17,200,1500,300,10,30,500,50,250,30
DOH000000000000273,488,REGION I MEDICAL CENTER,2020-04-17 16:27:55,2020-04-17 16:27:55,2020-04-17,250,7500,500,80,350,500,100,1000,2200
DOH000000000004329,566,CAMP GENERAL ARTEMIO RICARTE STATION HOSPITAL,2020-04-17 18:53:43,2020-04-17 18:53:43,2020-04-17,13,200,28,38,42,250,23,399,79
DOH000000000007359,627,NATIONAL CENTER FOR MENTAL HEALTH,2020-04-18 9:42:46,2020-04-18 9:42:46,2020-04-18,127,11670,1073,539,2555,250,4334,5050,4143
DOH000000000002703,134,REGION II TRAUMA AND MEDICAL CENTER      (VETERANS REGIONAL,2020-04-17 10:58:14,2020-04-17 10:58:14,2020-04-17,200,500,500,280,30,250,200,900,265
